order_id,customer_id,product_id,date,quantity,unit_price,total_price
2001,1018,2,2023-11-01,4,155.2,620.8
2002,1097,13,2023-10-05,2,77.31,154.62
2003,1048,3,2023-03-27,2,239.01,478.02
2004,1077,18,2023-01-26,3,86.41,259.23
2005,1087,4,2023-08-06,1,236.79,236.79
2006,1027,19,2023-04-05,4,118.29,473.16
2007,1047,16,2023-09-01,3,371.98,1115.94
2008,1095,4,2023-04-17,2,23.51,47.02
2009,1036,19,2023-09-05,3,281.83,845.49
2010,1073,15,2023-01-14,2,93.05,186.1
2011,1048,1,2023-06-10,1,10.49,10.49
2012,1047,16,2023-03-12,1,435.91,435.91
2013,1072,15,2023-06-01,3,339.05,1017.15
2014,1087,16,2023-03-16,4,58.48,233.92
2015,1099,20,2023-08-03,5,335.4,1677.0
2016,1028,1,2023-02-20,3,309.71,929.13
2017,1059,17,2023-05-23,2,241.94,483.88
2018,1028,5,2023-02-05,1,215.44,215.44
2019,1057,5,2023-06-16,3,444.66,1333.98
2020,1047,7,2023-08-24,3,130.12,390.36
2021,1022,13,2023-09-17,3,205.17,615.51
2022,1026,12,2023-07-11,1,171.27,171.27
2023,1094,4,2023-07-21,2,387.89,775.78
2024,1006,4,2023-09-19,3,459.07,1377.21
2025,1048,6,2023-07-04,1,426.39,426.39
2026,1053,15,2023-06-07,4,400.87,1603.48
2027,1067,19,2023-09-03,2,493.53,987.06
2028,1077,6,2023-04-20,2,351.6,703.2
2029,1041,12,2023-04-09,2,378.02,756.04
2030,1073,14,2023-08-29,1,491.57,491.57
2031,1058,18,2023-07-21,2,13.43,26.86
2032,1043,12,2023-05-02,1,320.68,320.68
2033,1097,15,2023-04-27,5,372.1,1860.5
2034,1025,19,2023-04-06,3,459.74,1379.22
2035,1022,8,2023-08-22,1,443.08,443.08
2036,1072,9,2023-03-08,2,422.56,845.12
2037,1007,5,2023-08-06,3,473.44,1420.32
2038,1052,5,2023-01-15,3,273.32,819.96
2039,1013,6,2023-09-30,5,13.39,66.95
2040,1070,3,2023-08-07,1,15.42,15.42
2041,1006,5,2023-10-01,1,276.87,276.87
2042,1008,1,2023-05-27,1,223.28,223.28
2043,1002,11,2023-11-28,4,231.11,924.44
2044,1077,20,2023-12-10,1,206.2,206.2
2045,1016,1,2023-06-01,1,459.69,459.69
2046,1043,7,2023-12-13,1,185.99,185.99
2047,1085,15,2023-10-31,2,429.55,859.1
2048,1045,17,2023-01-15,1,452.4,452.4
2049,1089,8,2023-12-20,3,254.76,764.28
2050,1057,2,2023-03-25,4,229.0,916.0
2051,1027,13,2023-07-11,2,382.9,765.8
2052,1013,12,2023-02-10,3,356.91,1070.73
2053,1008,5,2023-12-18,2,170.98,341.96
2054,1025,13,2023-11-20,2,60.25,120.5
2055,1001,6,2023-09-18,2,139.78,279.56
2056,1074,15,2023-11-05,2,74.2,148.4
2057,1080,11,2023-05-16,4,154.42,617.68
2058,1033,4,2023-10-05,1,138.29,138.29
2059,1018,1,2023-04-16,1,322.48,322.48
2060,1038,15,2023-01-07,1,477.7,477.7
2061,1081,12,2023-10-29,5,346.01,1730.05
2062,1012,9,2023-01-30,4,464.06,1856.24
2063,1004,11,2023-05-06,1,394.22,394.22
2064,1049,5,2023-12-23,2,366.66,733.32
2065,1022,7,2023-03-20,4,212.89,851.56
2066,1087,8,2023-03-08,1,169.15,169.15
2067,1028,1,2023-01-23,3,424.68,1274.04
2068,1071,1,2023-07-08,3,453.64,1360.92
2069,1025,3,2023-03-15,3,231.42,694.26
2070,1078,8,2023-01-05,4,14.44,57.76
2071,1056,11,2023-03-23,2,398.34,796.68
2072,1000,1,2023-01-25,2,149.68,299.36
2073,1027,14,2023-09-21,1,14.85,14.85
2074,1061,1,2023-01-02,3,404.44,1213.32
2075,1046,6,2023-10-05,3,263.53,790.59
2076,1077,6,2023-11-24,2,345.75,691.5
2077,1097,3,2023-12-09,2,458.2,916.4
2078,1058,10,2023-08-12,2,275.18,550.36
2079,1030,12,2023-03-13,5,256.57,1282.85
2080,1069,10,2023-03-09,3,152.42,457.26
2081,1048,2,2023-11-16,2,159.54,319.08
2082,1004,13,2023-04-04,3,400.31,1200.93
2083,1030,16,2023-01-19,4,230.02,920.08
2084,1036,13,2023-05-08,3,90.13,270.39
2085,1078,4,2023-12-09,1,56.32,56.32
2086,1014,4,2023-03-23,1,241.73,241.73
2087,1051,11,2023-09-11,7,237.83,1664.81
2088,1068,14,2023-08-09,2,330.19,660.38
2089,1091,3,2023-12-09,4,240.82,963.28
2090,1096,19,2023-04-07,1,80.3,80.3
2091,1010,1,2023-02-21,1,258.82,258.82
2092,1042,5,2023-06-24,2,454.33,908.66
2093,1069,17,2023-12-04,1,88.13,88.13
2094,1022,1,2023-07-01,1,347.98,347.98
2095,1039,19,2023-12-19,1,300.99,300.99
2096,1062,19,2023-04-25,1,376.81,376.81
2097,1001,4,2023-12-14,1,83.79,83.79
2098,1078,19,2023-01-01,2,471.39,942.78
2099,1086,6,2023-03-04,3,314.27,942.81
2100,1085,15,2023-09-05,2,425.06,850.12
2101,1072,4,2023-08-19,8,130.84,1046.72
2102,1046,1,2023-08-14,1,372.31,372.31
2103,1029,17,2023-01-19,1,392.71,392.71
2104,1015,11,2023-01-31,5,204.74,1023.7
2105,1058,17,2023-11-29,2,198.14,396.28
2106,1046,1,2023-05-01,1,332.32,332.32
2107,1029,9,2023-01-24,2,55.77,111.54
2108,1008,14,2023-11-21,2,370.46,740.92
2109,1064,15,2023-07-30,3,31.01,93.03
2110,1058,1,2023-06-10,3,103.39,310.17
2111,1063,2,2023-09-12,1,335.43,335.43
2112,1007,18,2023-02-28,1,58.18,58.18
2113,1051,18,2023-04-24,4,486.2,1944.8
2114,1017,6,2023-06-09,3,435.51,1306.53
2115,1090,20,2023-08-08,2,316.89,633.78
2116,1081,8,2023-12-23,3,411.34,1234.02
2117,1095,1,2023-06-18,3,444.91,1334.73
2118,1057,15,2023-01-12,1,137.14,137.14
2119,1048,10,2023-08-30,3,426.21,1278.63
2120,1031,4,2023-05-19,1,105.45,105.45
2121,1047,10,2023-04-07,1,212.54,212.54
2122,1044,11,2023-05-27,3,283.55,850.65
2123,1053,5,2023-07-01,1,359.81,359.81
2124,1099,9,2023-02-26,2,24.77,49.54
2125,1099,5,2023-02-11,3,152.35,457.05
2126,1084,11,2023-12-20,4,308.17,1232.68
2127,1045,3,2023-07-18,1,185.11,185.11
2128,1095,4,2023-01-31,3,389.76,1169.28
2129,1030,10,2023-06-29,1,329.31,329.31
2130,1036,7,2023-01-02,1,124.86,124.86
2131,1015,1,2023-10-15,1,81.51,81.51
2132,1045,6,2023-05-18,3,318.23,954.69
2133,1045,8,2023-04-15,2,230.73,461.46
2134,1077,17,2023-08-06,1,92.79,92.79
2135,1087,7,2023-08-10,2,169.92,339.84
2136,1088,1,2023-11-27,2,158.49,316.98
2137,1060,9,2023-04-15,4,62.98,251.92
2138,1045,11,2023-05-07,3,277.99,833.97
2139,1050,19,2023-09-22,5,384.19,1920.95
2140,1061,2,2023-07-19,2,291.98,583.96
2141,1034,11,2023-09-09,4,414.88,1659.52
2142,1080,3,2023-01-15,3,72.51,217.53
2143,1041,17,2023-08-14,5,223.45,1117.25
2144,1044,10,2023-12-19,1,308.61,308.61
2145,1067,3,2023-04-15,1,341.24,341.24
2146,1074,3,2023-08-21,2,350.94,701.88
2147,1046,7,2023-11-15,2,367.19,734.38
2148,1078,2,2023-08-07,1,329.2,329.2
2149,1029,1,2023-10-04,3,56.17,168.51
2150,1023,7,2023-09-18,6,350.7,2104.2
2151,1065,20,2023-12-07,5,365.14,1825.7
2152,1042,11,2023-12-02,1,496.81,496.81
2153,1033,6,2023-07-09,2,349.75,699.5
2154,1022,4,2023-07-17,1,346.55,346.55
2155,1060,19,2023-12-19,3,262.26,786.78
2156,1094,19,2023-10-04,1,435.28,435.28
2157,1036,14,2023-12-02,4,498.45,1993.8
2158,1012,3,2023-02-08,2,391.73,783.46
2159,1096,4,2023-06-11,3,310.13,930.39
2160,1070,8,2023-05-01,1,48.69,48.69
2161,1095,18,2023-09-19,2,366.1,732.2
2162,1006,4,2023-08-04,2,357.2,714.4
2163,1041,11,2023-11-08,1,390.03,390.03
2164,1037,16,2023-02-18,4,71.03,284.12
2165,1051,3,2023-04-02,1,330.33,330.33
2166,1043,7,2023-05-09,1,154.9,154.9
2167,1063,2,2023-11-17,1,382.53,382.53
2168,1012,1,2023-01-28,3,127.78,383.34
2169,1087,1,2023-12-22,2,345.15,690.3
2170,1027,6,2023-05-28,1,154.55,154.55
2171,1095,19,2023-11-24,6,14.41,86.46
2172,1081,7,2023-03-06,2,320.35,640.7
2173,1097,5,2023-08-06,1,65.5,65.5
2174,1097,18,2023-02-20,1,333.05,333.05
2175,1000,13,2023-11-01,4,463.55,1854.2
2176,1042,1,2023-03-15,4,484.93,1939.72
2177,1041,10,2023-07-18,2,125.6,251.2
2178,1094,9,2023-07-11,5,406.53,2032.65
2179,1049,17,2023-07-08,1,183.24,183.24
2180,1059,1,2023-01-12,1,451.22,451.22
2181,1000,1,2023-08-27,4,395.87,1583.48
2182,1050,7,2023-12-26,7,46.22,323.54
2183,1015,4,2023-03-22,3,209.5,628.5
2184,1038,12,2023-09-27,2,175.29,350.58
2185,1014,16,2023-10-17,1,394.74,394.74
2186,1032,14,2023-02-17,2,211.04,422.08
2187,1086,10,2023-11-13,1,345.45,345.45
2188,1052,14,2023-07-28,1,305.19,305.19
2189,1097,7,2023-02-04,3,488.06,1464.18
2190,1016,4,2023-04-29,3,469.51,1408.53
2191,1088,2,2023-03-06,6,219.57,1317.42
2192,1005,18,2023-11-11,3,364.55,1093.65
2193,1030,16,2023-08-30,1,416.44,416.44
2194,1068,9,2023-02-05,4,450.45,1801.8
2195,1039,5,2023-09-09,3,43.39,130.17
2196,1029,9,2023-08-31,2,158.02,316.04
2197,1068,8,2023-02-11,7,166.91,1168.37
2198,1075,20,2023-03-10,1,222.88,222.88
2199,1006,16,2023-04-17,1,92.94,92.94
2200,1012,20,2023-02-08,1,253.14,253.14
2201,1003,18,2023-03-10,2,334.98,669.96
2202,1049,4,2023-06-29,5,253.71,1268.55
2203,1002,16,2023-01-12,1,336.24,336.24
2204,1011,4,2023-12-05,2,42.56,85.12
2205,1064,6,2023-07-23,1,439.23,439.23
2206,1026,3,2023-02-05,2,470.14,940.28
2207,1049,18,2023-05-06,1,312.77,312.77
2208,1076,15,2023-03-04,1,441.88,441.88
2209,1016,8,2023-11-28,1,74.41,74.41
2210,1071,18,2023-03-23,4,400.75,1603.0
2211,1031,3,2023-11-03,1,68.38,68.38
2212,1083,6,2023-10-26,2,209.93,419.86
2213,1050,15,2023-02-03,3,168.67,506.01
2214,1016,12,2023-08-28,1,296.94,296.94
2215,1033,5,2023-04-07,2,157.74,315.48
2216,1034,7,2023-02-18,3,322.28,966.84
2217,1098,15,2023-05-26,4,190.02,760.08
2218,1023,7,2023-05-05,3,431.79,1295.37
2219,1053,13,2023-07-08,5,320.6,1603.0
2220,1017,3,2023-02-26,1,115.5,115.5
2221,1049,13,2023-12-15,2,174.7,349.4
2222,1045,3,2023-04-19,2,425.24,850.48
2223,1047,2,2023-01-05,2,199.38,398.76
2224,1032,4,2023-01-24,3,272.54,817.62
2225,1086,17,2023-08-09,2,327.98,655.96
2226,1088,6,2023-11-11,2,180.43,360.86
2227,1026,11,2023-10-21,5,154.05,770.25
2228,1000,6,2023-01-10,2,242.87,485.74
2229,1084,2,2023-06-14,2,115.29,230.58
2230,1058,17,2023-08-03,3,149.26,447.78
2231,1009,3,2023-05-06,1,40.42,40.42
2232,1094,12,2023-09-24,3,158.95,476.85
2233,1024,14,2023-10-07,1,167.15,167.15
2234,1083,2,2023-03-29,2,481.3,962.6
2235,1056,5,2023-04-24,2,298.97,597.94
2236,1065,10,2023-01-21,2,395.82,791.64
2237,1014,10,2023-05-28,2,32.23,64.46
2238,1027,9,2023-09-02,5,62.2,311.0
2239,1012,13,2023-09-23,3,409.12,1227.36
2240,1013,10,2023-08-05,1,315.54,315.54
2241,1065,6,2023-08-28,1,103.58,103.58
2242,1033,11,2023-08-20,1,208.35,208.35
2243,1098,4,2023-08-20,1,273.95,273.95
2244,1024,14,2023-08-30,2,423.37,846.74
2245,1053,17,2023-07-09,4,39.6,158.4
2246,1078,20,2023-08-17,3,302.39,907.17
2247,1011,2,2023-03-07,1,361.35,361.35
2248,1008,10,2023-10-06,1,489.17,489.17
2249,1030,3,2023-09-26,3,405.51,1216.53
2250,1077,7,2023-07-28,3,145.35,436.05
2251,1092,7,2023-01-16,2,357.69,715.38
2252,1052,1,2023-10-24,1,384.01,384.01
2253,1042,8,2023-08-08,1,367.57,367.57
2254,1037,1,2023-09-14,1,411.87,411.87
2255,1041,8,2023-09-25,3,452.83,1358.49
2256,1071,14,2023-08-17,2,58.23,116.46
2257,1047,14,2023-04-29,2,61.33,122.66
2258,1066,2,2023-06-27,3,400.24,1200.72
2259,1065,8,2023-01-20,1,133.66,133.66
2260,1015,19,2023-02-05,1,38.69,38.69
2261,1082,10,2023-12-01,3,206.6,619.8
2262,1093,7,2023-04-18,3,411.74,1235.22
2263,1015,13,2023-07-08,3,72.02,216.06
2264,1030,15,2023-06-27,1,339.2,339.2
2265,1057,11,2023-04-06,1,11.77,11.77
2266,1027,14,2023-11-11,3,63.77,191.31
2267,1003,11,2023-01-20,2,181.92,363.84
2268,1009,2,2023-06-13,2,50.97,101.94
2269,1050,2,2023-04-07,3,424.49,1273.47
2270,1017,12,2023-05-23,2,433.39,866.78
2271,1046,15,2023-03-03,6,380.23,2281.38
2272,1031,17,2023-08-30,1,128.82,128.82
2273,1029,14,2023-08-26,3,266.39,799.17
2274,1035,16,2023-05-11,3,100.25,300.75
2275,1008,8,2023-04-03,1,147.83,147.83
2276,1035,17,2023-04-01,1,262.84,262.84
2277,1028,5,2023-05-13,1,370.16,370.16
2278,1015,12,2023-05-03,1,56.38,56.38
2279,1091,6,2023-12-08,3,155.38,466.14
2280,1020,18,2023-04-28,2,464.04,928.08
2281,1063,5,2023-07-17,2,220.27,440.54
2282,1065,6,2023-10-09,1,470.05,470.05
2283,1058,9,2023-01-01,1,495.79,495.79
2284,1098,15,2023-07-30,5,268.06,1340.3
2285,1027,10,2023-09-20,1,151.14,151.14
2286,1054,17,2023-11-28,2,397.48,794.96
2287,1099,19,2023-07-31,5,88.06,440.3
2288,1030,12,2023-03-28,1,133.5,133.5
2289,1032,9,2023-06-02,1,394.59,394.59
2290,1086,15,2023-12-16,2,222.49,444.98
2291,1059,14,2023-07-06,1,108.75,108.75
2292,1040,1,2023-03-02,1,329.05,329.05
2293,1080,17,2023-10-12,3,369.05,1107.15
2294,1045,1,2023-04-05,1,71.28,71.28
2295,1048,13,2023-10-01,1,145.72,145.72
2296,1064,8,2023-02-10,2,118.43,236.86
2297,1041,13,2023-05-27,2,196.13,392.26
2298,1022,16,2023-09-03,1,384.09,384.09
2299,1026,2,2023-05-12,3,359.72,1079.16
2300,1088,13,2023-10-24,2,334.64,669.28
2301,1031,18,2023-05-03,1,13.08,13.08
2302,1082,3,2023-05-23,3,79.65,238.95
2303,1087,13,2023-07-01,3,119.42,358.26
2304,1002,19,2023-07-11,2,143.26,286.52
2305,1059,13,2023-07-26,4,81.75,327.0
2306,1075,19,2023-08-19,1,211.05,211.05
2307,1098,4,2023-01-22,2,46.84,93.68
2308,1078,19,2023-03-21,3,377.51,1132.53
2309,1016,18,2023-05-10,2,395.98,791.96
2310,1031,6,2023-10-19,4,291.39,1165.56
2311,1006,19,2023-10-03,1,53.96,53.96
2312,1082,4,2023-11-19,1,446.14,446.14
2313,1070,4,2023-02-24,5,483.16,2415.8
2314,1068,7,2023-03-07,3,109.16,327.48
2315,1057,7,2023-08-15,2,355.27,710.54
2316,1039,16,2023-01-26,5,422.55,2112.75
2317,1084,16,2023-09-10,4,274.52,1098.08
2318,1047,5,2023-07-16,4,168.43,673.72
2319,1050,15,2023-05-10,5,244.49,1222.45
2320,1056,4,2023-08-31,3,261.01,783.03
2321,1070,13,2023-11-08,3,206.31,618.93
2322,1036,19,2023-07-31,1,465.62,465.62
2323,1086,7,2023-07-09,5,374.5,1872.5
2324,1074,12,2023-10-17,8,128.24,1025.92
2325,1073,9,2023-08-14,1,296.92,296.92
2326,1084,17,2023-09-03,2,347.46,694.92
2327,1054,2,2023-02-25,1,78.68,78.68
2328,1040,16,2023-02-24,1,185.63,185.63
2329,1096,7,2023-10-03,2,453.72,907.44
2330,1019,18,2023-11-02,1,287.91,287.91
2331,1032,7,2023-12-06,2,116.33,232.66
2332,1039,1,2023-06-02,2,70.16,140.32
2333,1098,3,2023-02-22,3,263.93,791.79
2334,1033,11,2023-04-21,1,278.37,278.37
2335,1061,15,2023-07-23,1,173.86,173.86
2336,1099,3,2023-04-22,1,318.9,318.9
2337,1090,13,2023-11-21,4,43.66,174.64
2338,1018,4,2023-09-15,1,81.12,81.12
2339,1042,8,2023-01-16,1,277.67,277.67
2340,1068,4,2023-12-16,2,40.29,80.58
2341,1062,18,2023-06-15,1,441.65,441.65
2342,1092,7,2023-10-28,2,79.65,159.3
2343,1009,11,2023-10-07,2,340.22,680.44
2344,1012,4,2023-06-07,2,201.69,403.38
2345,1092,13,2023-09-06,1,205.9,205.9
2346,1004,9,2023-06-30,4,384.8,1539.2
2347,1057,9,2023-07-10,5,254.74,1273.7
2348,1058,19,2023-05-19,2,365.57,731.14
2349,1075,3,2023-03-19,1,257.54,257.54
2350,1058,12,2023-12-02,1,300.52,300.52
2351,1076,11,2023-02-19,2,382.75,765.5
2352,1085,20,2023-03-26,1,307.58,307.58
2353,1014,11,2023-07-02,2,311.65,623.3
2354,1076,17,2023-07-02,3,396.72,1190.16
2355,1000,14,2023-01-04,2,475.05,950.1
2356,1037,16,2023-11-13,2,194.59,389.18
2357,1052,10,2023-04-21,1,292.79,292.79
2358,1051,4,2023-11-30,5,52.27,261.35
2359,1000,10,2023-12-05,1,185.81,185.81
2360,1010,20,2023-09-08,3,211.9,635.7
2361,1057,12,2023-05-13,1,419.27,419.27
2362,1039,9,2023-04-10,2,261.56,523.12
2363,1085,15,2023-06-21,3,368.22,1104.66
2364,1098,9,2023-10-14,2,19.31,38.62
2365,1059,7,2023-04-29,2,237.6,475.2
2366,1043,12,2023-12-16,2,451.65,903.3
2367,1005,20,2023-06-24,3,119.91,359.73
2368,1027,14,2023-01-30,2,25.45,50.9
2369,1030,16,2023-02-24,1,222.37,222.37
2370,1007,19,2023-12-27,1,355.17,355.17
2371,1004,3,2023-07-15,4,232.69,930.76
2372,1053,11,2023-02-10,2,235.39,470.78
2373,1016,20,2023-06-22,2,338.2,676.4
2374,1037,19,2023-11-26,1,134.65,134.65
2375,1008,8,2023-08-07,1,378.43,378.43
2376,1073,20,2023-07-27,2,85.03,170.06
2377,1083,8,2023-06-07,1,203.92,203.92
2378,1077,3,2023-11-29,1,331.44,331.44
2379,1013,10,2023-08-16,3,415.9,1247.7
2380,1025,13,2023-03-26,3,397.85,1193.55
2381,1092,9,2023-06-22,1,363.63,363.63
2382,1061,6,2023-09-02,3,185.96,557.88
2383,1090,15,2023-12-26,3,69.93,209.79
2384,1024,16,2023-06-22,2,116.25,232.5
2385,1079,5,2023-12-01,1,433.77,433.77
2386,1035,13,2023-07-31,3,430.09,1290.27
2387,1097,19,2023-03-25,2,476.26,952.52
2388,1079,2,2023-06-22,2,47.23,94.46
2389,1032,6,2023-07-02,2,273.04,546.08
2390,1002,1,2023-05-13,3,327.85,983.55
2391,1086,15,2023-10-15,1,358.22,358.22
2392,1010,15,2023-09-19,3,325.49,976.47
2393,1057,14,2023-12-16,1,387.31,387.31
2394,1063,7,2023-10-09,5,186.14,930.7
2395,1017,5,2023-10-20,2,97.92,195.84
2396,1046,20,2023-09-26,1,110.25,110.25
2397,1043,16,2023-12-15,2,15.87,31.74
2398,1092,17,2023-07-16,2,181.66,363.32
2399,1058,11,2023-01-25,1,54.95,54.95
2400,1049,15,2023-05-21,1,167.53,167.53
2401,1068,20,2023-08-11,2,317.82,635.64
2402,1087,16,2023-01-20,3,448.29,1344.87
2403,1028,3,2023-09-04,1,421.41,421.41
2404,1092,6,2023-11-24,2,133.81,267.62
2405,1089,13,2023-07-20,4,75.7,302.8
2406,1066,1,2023-04-25,2,104.61,209.22
2407,1001,14,2023-07-08,2,485.78,971.56
2408,1024,2,2023-01-26,2,279.24,558.48
2409,1018,2,2023-02-23,2,99.43,198.86
2410,1039,15,2023-06-19,3,421.97,1265.91
2411,1001,18,2023-01-11,2,203.64,407.28
2412,1082,9,2023-01-27,1,450.62,450.62
2413,1064,3,2023-12-16,2,137.73,275.46
2414,1061,4,2023-03-24,2,202.68,405.36
2415,1090,15,2023-10-17,1,257.42,257.42
2416,1053,5,2023-02-07,2,447.38,894.76
2417,1044,20,2023-03-28,1,435.69,435.69
2418,1048,20,2023-11-17,4,291.43,1165.72
2419,1098,5,2023-06-05,3,118.67,356.01
2420,1068,10,2023-11-04,2,207.64,415.28
2421,1037,16,2023-10-13,5,488.06,2440.3
2422,1003,12,2023-07-05,4,307.81,1231.24
2423,1016,14,2023-07-01,2,392.74,785.48
2424,1052,11,2023-05-23,1,230.43,230.43
2425,1084,19,2023-07-25,1,270.68,270.68
2426,1052,6,2023-05-22,1,220.19,220.19
2427,1030,10,2023-07-04,2,354.43,708.86
2428,1021,20,2023-08-29,1,427.22,427.22
2429,1010,3,2023-01-08,4,258.61,1034.44
2430,1033,15,2023-03-13,1,245.63,245.63
2431,1014,11,2023-10-15,2,176.74,353.48
2432,1009,2,2023-04-05,3,96.78,290.34
2433,1095,6,2023-06-06,2,470.23,940.46
2434,1052,17,2023-02-10,5,164.88,824.4
2435,1047,18,2023-11-27,1,402.34,402.34
2436,1030,4,2023-10-28,1,360.52,360.52
2437,1036,9,2023-09-26,3,397.55,1192.65
2438,1027,10,2023-06-04,2,469.02,938.04
2439,1030,2,2023-10-02,3,315.45,946.35
2440,1069,11,2023-06-03,2,450.0,900.0
2441,1013,11,2023-02-22,1,92.17,92.17
2442,1086,11,2023-06-28,2,317.09,634.18
2443,1015,1,2023-08-28,1,388.42,388.42
2444,1024,14,2023-05-17,3,143.1,429.3
2445,1038,1,2023-09-12,3,372.97,1118.91
2446,1065,9,2023-08-12,1,391.45,391.45
2447,1037,1,2023-06-29,1,417.28,417.28
2448,1040,4,2023-07-01,3,163.31,489.93
2449,1097,1,2023-09-16,1,343.99,343.99
2450,1039,19,2023-08-31,6,159.08,954.48
2451,1063,10,2023-04-06,2,372.13,744.26
2452,1088,15,2023-07-16,1,236.86,236.86
2453,1099,20,2023-01-14,2,302.8,605.6
2454,1015,4,2023-04-30,2,213.76,427.52
2455,1081,20,2023-09-26,1,89.37,89.37
2456,1076,14,2023-06-20,3,97.23,291.69
2457,1058,5,2023-03-13,1,48.01,48.01
2458,1090,15,2023-06-28,2,312.86,625.72
2459,1097,15,2023-06-19,2,425.83,851.66
2460,1010,16,2023-06-08,3,20.21,60.63
2461,1000,16,2023-06-03,1,42.46,42.46
2462,1012,4,2023-03-23,1,234.16,234.16
2463,1029,9,2023-02-26,2,371.48,742.96
2464,1068,1,2023-01-07,1,87.28,87.28
2465,1017,5,2023-04-22,3,143.11,429.33
2466,1077,9,2023-02-17,1,123.68,123.68
2467,1012,20,2023-03-21,4,205.54,822.16
2468,1031,5,2023-11-12,1,120.25,120.25
2469,1070,4,2023-02-02,2,182.77,365.54
2470,1071,16,2023-04-25,5,366.99,1834.95
2471,1049,2,2023-01-03,3,309.39,928.17
2472,1070,16,2023-01-04,3,49.78,149.34
2473,1079,18,2023-12-22,2,322.5,645.0
2474,1030,2,2023-09-17,4,243.77,975.08
2475,1050,16,2023-02-11,3,467.94,1403.82
2476,1026,1,2023-01-09,1,151.76,151.76
2477,1059,16,2023-11-03,1,365.82,365.82
2478,1032,3,2023-05-25,6,368.12,2208.72
2479,1052,15,2023-04-07,4,118.54,474.16
2480,1092,11,2023-10-03,5,452.58,2262.9
2481,1071,10,2023-05-22,3,250.68,752.04
2482,1032,17,2023-10-05,3,342.65,1027.95
2483,1040,4,2023-01-27,1,81.47,81.47
2484,1018,17,2023-02-12,2,136.32,272.64
2485,1084,4,2023-05-11,2,297.19,594.38
2486,1040,19,2023-08-04,3,166.32,498.96
2487,1084,1,2023-04-04,1,254.85,254.85
2488,1088,14,2023-01-08,5,193.26,966.3
2489,1041,11,2023-03-27,7,323.87,2267.09
2490,1022,7,2023-12-11,3,248.7,746.1
2491,1074,17,2023-05-18,2,12.26,24.52
2492,1032,4,2023-09-03,4,328.34,1313.36
2493,1019,10,2023-01-21,1,216.84,216.84
2494,1024,17,2023-09-22,1,177.43,177.43
2495,1089,4,2023-05-28,2,56.13,112.26
2496,1051,19,2023-07-03,2,117.98,235.96
2497,1011,18,2023-08-15,1,119.65,119.65
2498,1031,17,2023-10-19,2,468.33,936.66
2499,1032,6,2023-02-05,1,221.93,221.93
2500,1073,7,2023-09-03,1,30.61,30.61
2501,1067,6,2023-03-14,1,78.02,78.02
2502,1014,12,2023-05-30,2,48.73,97.46
2503,1050,9,2023-01-01,1,298.55,298.55
2504,1005,18,2023-03-10,1,101.44,101.44
2505,1090,2,2023-10-20,1,254.29,254.29
2506,1068,17,2023-08-18,1,191.33,191.33
2507,1068,1,2023-07-30,1,403.9,403.9
2508,1081,9,2023-03-13,1,167.04,167.04
2509,1091,6,2023-12-29,7,234.55,1641.85
2510,1034,2,2023-04-06,1,363.43,363.43
2511,1085,6,2023-03-25,4,222.34,889.36
2512,1033,9,2023-08-16,2,398.68,797.36
2513,1062,3,2023-10-26,4,334.23,1336.92
2514,1067,16,2023-08-24,2,211.16,422.32
2515,1017,15,2023-10-20,2,256.95,513.9
2516,1025,12,2023-08-10,2,483.93,967.86
2517,1085,8,2023-08-11,4,334.19,1336.76
2518,1096,6,2023-10-08,1,453.45,453.45
2519,1060,3,2023-08-09,2,97.59,195.18
2520,1077,4,2023-08-04,3,246.79,740.37
2521,1094,10,2023-08-19,5,455.24,2276.2
2522,1073,14,2023-06-18,1,168.08,168.08
2523,1087,15,2023-11-25,2,484.16,968.32
2524,1084,7,2023-02-11,1,57.57,57.57
2525,1047,7,2023-09-15,3,452.31,1356.93
2526,1071,8,2023-07-15,3,228.15,684.45
2527,1095,10,2023-04-06,1,46.13,46.13
2528,1030,19,2023-11-13,1,440.97,440.97
2529,1033,19,2023-01-14,1,133.45,133.45
2530,1086,2,2023-04-23,1,20.9,20.9
2531,1088,15,2023-03-18,1,76.55,76.55
2532,1006,1,2023-10-04,3,332.97,998.91
2533,1082,10,2023-11-16,2,489.13,978.26
2534,1006,6,2023-06-09,5,64.62,323.1
2535,1046,13,2023-11-09,2,236.35,472.7
2536,1007,10,2023-04-29,2,98.51,197.02
2537,1077,12,2023-06-10,2,375.07,750.14
2538,1000,6,2023-11-04,1,67.85,67.85
2539,1076,6,2023-12-17,2,127.52,255.04
2540,1002,1,2023-05-26,1,106.24,106.24
2541,1052,12,2023-06-12,1,280.73,280.73
2542,1091,10,2023-06-28,4,437.86,1751.44
2543,1037,14,2023-03-30,1,260.43,260.43
2544,1050,15,2023-08-11,3,38.54,115.62
2545,1014,4,2023-09-23,1,286.06,286.06
2546,1099,1,2023-08-27,2,400.79,801.58
2547,1066,8,2023-11-04,2,74.76,149.52
2548,1063,3,2023-02-03,1,45.63,45.63
2549,1067,14,2023-06-16,2,102.03,204.06
2550,1004,17,2023-05-05,1,375.58,375.58
2551,1089,2,2023-08-12,2,299.92,599.84
2552,1088,15,2023-05-30,1,274.89,274.89
2553,1009,6,2023-07-08,1,132.25,132.25
2554,1007,5,2023-02-12,1,172.8,172.8
2555,1011,14,2023-01-29,3,483.28,1449.84
2556,1063,19,2023-12-28,1,127.91,127.91
2557,1058,9,2023-04-30,2,451.81,903.62
2558,1066,8,2023-12-03,1,294.46,294.46
2559,1090,3,2023-01-31,5,70.42,352.1
2560,1049,18,2023-06-30,1,238.98,238.98
2561,1022,8,2023-06-11,4,474.79,1899.16
2562,1039,16,2023-05-08,1,215.1,215.1
2563,1096,15,2023-09-12,1,433.06,433.06
2564,1077,15,2023-10-21,3,135.65,406.95
2565,1086,16,2023-12-23,3,289.75,869.25
2566,1094,1,2023-09-11,2,423.49,846.98
2567,1076,10,2023-05-10,3,461.14,1383.42
2568,1075,19,2023-01-12,2,248.05,496.1
2569,1098,5,2023-02-04,2,323.45,646.9
2570,1017,18,2023-07-17,1,11.46,11.46
2571,1020,3,2023-09-05,2,134.08,268.16
2572,1000,4,2023-04-20,3,146.57,439.71
2573,1037,4,2023-11-24,1,55.81,55.81
2574,1040,11,2023-09-02,2,147.05,294.1
2575,1041,9,2023-09-07,2,167.35,334.7
2576,1008,1,2023-11-13,2,484.7,969.4
2577,1022,16,2023-06-12,2,337.62,675.24
2578,1077,9,2023-02-17,1,218.74,218.74
2579,1010,11,2023-03-12,2,494.15,988.3
2580,1070,6,2023-05-14,1,85.08,85.08
2581,1030,17,2023-08-27,3,243.27,729.81
2582,1087,12,2023-03-09,3,327.06,981.18
2583,1025,8,2023-10-05,1,37.23,37.23
2584,1029,16,2023-02-01,3,361.33,1083.99
2585,1033,5,2023-05-03,6,58.94,353.64
2586,1045,1,2023-01-22,4,78.74,314.96
2587,1068,17,2023-06-04,1,88.25,88.25
2588,1004,8,2023-04-20,1,465.16,465.16
2589,1060,10,2023-09-28,1,344.79,344.79
2590,1082,18,2023-10-27,1,331.16,331.16
2591,1037,15,2023-04-25,2,282.19,564.38
2592,1027,20,2023-08-08,1,153.47,153.47
2593,1025,13,2023-08-18,2,314.24,628.48
2594,1060,10,2023-09-09,5,210.97,1054.85
2595,1022,9,2023-09-06,5,81.25,406.25
2596,1045,13,2023-01-09,2,347.9,695.8
2597,1029,3,2023-02-03,3,73.5,220.5
2598,1066,3,2023-08-16,2,103.43,206.86
2599,1091,1,2023-03-14,2,410.67,821.34
2600,1032,2,2023-10-28,1,333.46,333.46
2601,1002,11,2023-07-31,2,319.19,638.38
2602,1068,14,2023-03-13,1,214.92,214.92
2603,1082,10,2023-02-27,4,204.18,816.72
2604,1041,7,2023-08-08,1,348.23,348.23
2605,1061,1,2023-10-02,4,372.6,1490.4
2606,1057,7,2023-09-06,6,260.0,1560.0
2607,1056,15,2023-01-16,3,484.94,1454.82
2608,1000,11,2023-03-16,2,478.29,956.58
2609,1072,6,2023-04-16,2,212.09,424.18
2610,1059,7,2023-05-16,1,412.1,412.1
2611,1068,7,2023-03-15,2,276.2,552.4
2612,1058,1,2023-09-11,2,260.76,521.52
2613,1045,10,2023-01-18,2,36.93,73.86
2614,1033,15,2023-02-12,2,291.25,582.5
2615,1096,8,2023-02-19,3,451.28,1353.84
2616,1024,19,2023-01-03,2,392.27,784.54
2617,1041,3,2023-08-20,1,395.3,395.3
2618,1028,15,2023-08-07,2,88.37,176.74
2619,1024,4,2023-02-28,2,185.64,371.28
2620,1053,6,2023-10-11,3,124.27,372.81
2621,1072,10,2023-10-29,2,164.8,329.6
2622,1066,18,2023-03-05,3,293.97,881.91
2623,1014,16,2023-03-11,1,188.74,188.74
2624,1003,18,2023-10-30,3,284.74,854.22
2625,1037,6,2023-05-22,3,224.87,674.61
2626,1019,19,2023-07-21,4,150.44,601.76
2627,1022,17,2023-07-26,3,56.75,170.25
2628,1036,18,2023-08-09,2,447.0,894.0
2629,1061,13,2023-12-28,1,15.57,15.57
2630,1007,7,2023-09-03,5,10.81,54.05
2631,1036,20,2023-03-22,1,415.13,415.13
2632,1044,12,2023-09-08,1,498.44,498.44
2633,1096,2,2023-02-20,3,366.28,1098.84
2634,1032,12,2023-10-12,4,17.48,69.92
2635,1006,12,2023-12-12,2,121.08,242.16
2636,1021,4,2023-07-23,5,486.19,2430.95
2637,1004,4,2023-01-25,1,406.22,406.22
2638,1014,18,2023-02-10,1,287.73,287.73
2639,1020,16,2023-03-10,3,126.06,378.18
2640,1088,14,2023-01-04,2,17.04,34.08
2641,1016,17,2023-08-28,2,20.22,40.44
2642,1055,17,2023-12-27,1,309.87,309.87
2643,1049,3,2023-01-31,2,20.7,41.4
2644,1006,6,2023-04-27,2,496.88,993.76
2645,1049,13,2023-07-14,5,99.86,499.3
2646,1059,9,2023-03-31,3,358.25,1074.75
2647,1082,9,2023-06-27,1,85.98,85.98
2648,1006,8,2023-05-25,4,274.65,1098.6
2649,1039,17,2023-07-21,1,49.5,49.5
2650,1044,16,2023-11-18,5,385.72,1928.6
2651,1058,16,2023-12-10,1,296.61,296.61
2652,1087,19,2023-07-22,5,52.22,261.1
2653,1074,16,2023-01-24,1,425.81,425.81
2654,1054,14,2023-12-21,1,278.04,278.04
2655,1063,20,2023-04-15,3,461.58,1384.74
2656,1064,14,2023-10-02,1,459.15,459.15
2657,1053,14,2023-11-18,1,461.05,461.05
2658,1095,14,2023-03-01,2,48.11,96.22
2659,1039,12,2023-01-15,3,69.27,207.81
2660,1052,6,2023-03-26,1,493.98,493.98
2661,1043,20,2023-07-16,4,248.92,995.68
2662,1062,13,2023-08-23,1,126.72,126.72
2663,1001,16,2023-12-10,2,387.14,774.28
2664,1078,9,2023-09-20,1,139.5,139.5
2665,1020,2,2023-01-06,2,366.34,732.68
2666,1087,3,2023-10-16,2,420.27,840.54
2667,1049,10,2023-02-27,2,394.29,788.58
2668,1080,20,2023-05-25,3,144.28,432.84
2669,1051,2,2023-02-11,3,206.79,620.37
2670,1008,10,2023-12-16,3,212.49,637.47
2671,1098,8,2023-07-19,2,250.72,501.44
2672,1019,17,2023-06-23,4,92.01,368.04
2673,1082,1,2023-12-01,3,231.71,695.13
2674,1017,6,2023-04-05,6,260.28,1561.68
2675,1083,7,2023-08-05,3,270.54,811.62
2676,1029,15,2023-04-21,1,411.75,411.75
2677,1064,18,2023-12-19,2,263.49,526.98
2678,1023,9,2023-06-29,7,123.08,861.56
2679,1087,8,2023-06-12,2,334.93,669.86
2680,1046,10,2023-04-29,1,400.68,400.68
2681,1082,4,2023-11-21,5,166.49,832.45
2682,1093,20,2023-08-16,3,326.2,978.6
2683,1089,8,2023-05-25,5,82.0,410.0
2684,1043,1,2023-11-04,2,177.54,355.08
2685,1028,8,2023-05-22,1,455.52,455.52
2686,1076,12,2023-05-02,1,456.54,456.54
2687,1067,15,2023-10-12,1,291.91,291.91
2688,1016,13,2023-08-14,2,354.15,708.3
2689,1096,16,2023-12-26,3,428.47,1285.41
2690,1004,18,2023-09-14,2,479.69,959.38
2691,1091,1,2023-10-12,2,250.04,500.08
2692,1087,17,2023-06-14,3,285.17,855.51
2693,1080,16,2023-08-09,1,213.66,213.66
2694,1049,5,2023-03-10,7,45.27,316.89
2695,1039,20,2023-11-05,2,217.17,434.34
2696,1045,10,2023-08-12,6,397.41,2384.46
2697,1050,6,2023-05-04,1,404.39,404.39
2698,1010,12,2023-12-10,1,447.26,447.26
2699,1011,10,2023-12-05,1,35.22,35.22
2700,1012,17,2023-01-12,6,268.31,1609.86
2701,1063,2,2023-02-21,2,62.64,125.28
2702,1007,19,2023-05-09,2,108.36,216.72
2703,1064,20,2023-05-15,1,451.11,451.11
2704,1008,6,2023-05-25,1,253.43,253.43
2705,1091,13,2023-05-07,1,381.69,381.69
2706,1001,9,2023-08-14,1,41.55,41.55
2707,1077,12,2023-03-12,2,214.24,428.48
2708,1012,18,2023-09-30,2,340.38,680.76
2709,1001,8,2023-07-06,2,75.37,150.74
2710,1067,18,2023-01-03,1,169.65,169.65
2711,1075,2,2023-10-12,1,41.63,41.63
2712,1047,8,2023-01-22,4,329.16,1316.64
2713,1073,10,2023-06-15,5,485.74,2428.7
2714,1002,9,2023-11-06,2,415.25,830.5
2715,1067,18,2023-12-29,4,487.57,1950.28
2716,1005,8,2023-09-03,1,424.35,424.35
2717,1086,19,2023-08-22,3,429.05,1287.15
2718,1004,3,2023-11-21,6,292.82,1756.92
2719,1002,9,2023-06-07,1,263.94,263.94
2720,1009,13,2023-05-31,6,209.06,1254.36
2721,1042,9,2023-08-01,2,410.87,821.74
2722,1018,20,2023-08-06,3,99.21,297.63
2723,1013,12,2023-09-03,3,37.55,112.65
2724,1020,13,2023-10-30,1,474.47,474.47
2725,1042,8,2023-10-03,1,11.85,11.85
2726,1027,15,2023-05-31,1,488.65,488.65
2727,1020,13,2023-07-15,1,367.14,367.14
2728,1035,13,2023-01-21,2,170.96,341.92
2729,1023,17,2023-09-14,6,351.93,2111.58
2730,1053,15,2023-01-17,2,410.76,821.52
2731,1037,19,2023-02-20,3,130.23,390.69
2732,1016,3,2023-09-27,2,387.74,775.48
2733,1021,14,2023-11-11,7,404.14,2828.98
2734,1082,10,2023-03-24,3,132.18,396.54
2735,1044,17,2023-11-02,1,30.54,30.54
2736,1073,8,2023-05-04,2,110.02,220.04
2737,1060,18,2023-10-17,2,108.32,216.64
2738,1010,12,2023-09-19,2,41.97,83.94
2739,1060,17,2023-12-31,1,365.74,365.74
2740,1037,11,2023-02-18,1,196.19,196.19
2741,1065,9,2023-01-06,1,443.35,443.35
2742,1032,15,2023-04-27,1,133.56,133.56
2743,1042,9,2023-04-28,2,232.08,464.16
2744,1030,12,2023-09-20,2,323.12,646.24
2745,1034,11,2023-12-19,2,439.96,879.92
2746,1036,17,2023-05-09,1,267.06,267.06
2747,1046,6,2023-06-20,2,193.03,386.06
2748,1099,8,2023-01-27,5,434.84,2174.2
2749,1022,10,2023-07-18,2,162.02,324.04
2750,1035,15,2023-11-10,2,48.92,97.84
2751,1039,4,2023-12-11,2,228.07,456.14
2752,1089,18,2023-04-07,2,394.7,789.4
2753,1088,11,2023-01-17,2,25.08,50.16
2754,1080,9,2023-06-22,4,297.08,1188.32
2755,1014,9,2023-04-11,4,301.29,1205.16
2756,1036,8,2023-07-05,3,464.99,1394.97
2757,1003,3,2023-07-03,2,150.37,300.74
2758,1021,18,2023-08-03,1,146.63,146.63
2759,1080,14,2023-09-08,1,225.84,225.84
2760,1021,3,2023-08-04,2,184.89,369.78
2761,1080,17,2023-01-29,3,370.81,1112.43
2762,1077,4,2023-04-12,2,324.46,648.92
2763,1077,18,2023-05-03,2,381.87,763.74
2764,1016,15,2023-02-23,2,411.82,823.64
2765,1071,19,2023-10-10,4,462.26,1849.04
2766,1097,6,2023-04-12,4,221.16,884.64
2767,1089,15,2023-04-27,4,492.5,1970.0
2768,1093,7,2023-04-14,4,115.67,462.68
2769,1085,12,2023-02-14,1,360.04,360.04
2770,1079,16,2023-04-24,1,271.66,271.66
2771,1093,9,2023-12-09,1,410.28,410.28
2772,1079,20,2023-01-31,1,243.62,243.62
2773,1037,5,2023-06-13,2,394.13,788.26
2774,1023,11,2023-07-08,4,465.78,1863.12
2775,1099,2,2023-10-20,2,368.82,737.64
2776,1098,16,2023-07-14,2,390.29,780.58
2777,1005,4,2023-10-19,4,42.92,171.68
2778,1067,5,2023-09-18,1,110.43,110.43
2779,1081,7,2023-07-26,1,487.41,487.41
2780,1005,6,2023-02-21,3,349.66,1048.98
2781,1025,10,2023-02-18,1,285.11,285.11
2782,1090,14,2023-01-06,2,189.82,379.64
2783,1040,8,2023-08-12,1,31.75,31.75
2784,1074,14,2023-01-23,1,190.88,190.88
2785,1037,14,2023-05-25,4,254.47,1017.88
2786,1079,20,2023-04-20,1,113.62,113.62
2787,1082,3,2023-07-31,2,94.84,189.68
2788,1042,1,2023-10-27,1,259.12,259.12
2789,1052,9,2023-02-10,1,297.09,297.09
2790,1014,9,2023-06-21,1,127.56,127.56
2791,1089,2,2023-07-05,1,297.82,297.82
2792,1055,16,2023-08-02,1,451.17,451.17
2793,1055,8,2023-11-02,4,241.85,967.4
2794,1030,6,2023-02-21,1,430.12,430.12
2795,1082,13,2023-03-11,1,464.36,464.36
2796,1056,1,2023-07-15,1,55.27,55.27
2797,1050,19,2023-05-31,4,56.95,227.8
2798,1023,15,2023-04-19,4,243.26,973.04
2799,1057,1,2023-04-28,2,298.17,596.34
2800,1072,10,2023-12-31,2,218.68,437.36
2801,1086,1,2023-04-05,1,169.96,169.96
2802,1003,12,2023-09-13,1,324.09,324.09
2803,1009,11,2023-02-13,1,11.02,11.02
2804,1062,17,2023-03-08,5,484.36,2421.8
2805,1072,4,2023-06-05,1,123.72,123.72
2806,1082,7,2023-11-19,5,459.38,2296.9
2807,1014,12,2023-07-25,1,63.42,63.42
2808,1097,13,2023-10-01,1,126.66,126.66
2809,1062,5,2023-06-04,1,125.09,125.09
2810,1018,6,2023-06-28,1,498.11,498.11
2811,1062,2,2023-03-01,2,12.25,24.5
2812,1055,7,2023-03-15,2,323.42,646.84
2813,1020,14,2023-02-18,1,436.15,436.15
2814,1033,14,2023-09-28,3,339.41,1018.23
2815,1016,10,2023-03-14,3,187.74,563.22
2816,1017,4,2023-07-15,3,479.57,1438.71
2817,1080,3,2023-06-28,1,447.83,447.83
2818,1065,14,2023-02-17,1,222.64,222.64
2819,1050,6,2023-03-13,2,290.93,581.86
2820,1064,15,2023-04-23,1,484.08,484.08
2821,1042,8,2023-09-02,2,491.45,982.9
2822,1056,5,2023-11-05,2,230.41,460.82
2823,1009,3,2023-06-08,1,425.2,425.2
2824,1036,3,2023-10-01,1,157.97,157.97
2825,1047,13,2023-09-25,3,192.19,576.57
2826,1068,2,2023-10-31,2,90.76,181.52
2827,1055,1,2023-01-30,1,112.5,112.5
2828,1075,12,2023-04-07,1,331.87,331.87
2829,1035,8,2023-09-08,1,260.28,260.28
2830,1030,19,2023-01-07,1,123.25,123.25
2831,1054,9,2023-04-02,3,207.43,622.29
2832,1037,14,2023-04-23,3,192.86,578.58
2833,1072,18,2023-09-16,2,493.81,987.62
2834,1089,10,2023-04-17,2,428.25,856.5
2835,1014,9,2023-03-04,1,200.1,200.1
2836,1015,6,2023-12-24,6,457.82,2746.92
2837,1076,1,2023-09-28,1,177.89,177.89
2838,1088,5,2023-07-18,3,337.27,1011.81
2839,1093,10,2023-12-13,1,483.66,483.66
2840,1052,13,2023-12-03,2,201.24,402.48
2841,1055,4,2023-05-26,1,343.14,343.14
2842,1006,1,2023-03-02,1,155.0,155.0
2843,1056,2,2023-04-30,2,140.49,280.98
2844,1054,4,2023-03-02,1,291.34,291.34
2845,1051,17,2023-11-05,2,489.84,979.68
2846,1003,10,2023-01-26,1,232.04,232.04
2847,1042,12,2023-04-25,3,469.44,1408.32
2848,1039,2,2023-02-09,1,458.04,458.04
2849,1029,3,2023-12-10,2,134.34,268.68
2850,1009,14,2023-04-26,3,206.89,620.67
2851,1093,15,2023-05-16,6,325.22,1951.32
2852,1006,13,2023-10-04,4,263.84,1055.36
2853,1035,9,2023-10-26,2,57.02,114.04
2854,1034,2,2023-01-21,2,496.91,993.82
2855,1087,19,2023-01-31,1,378.8,378.8
2856,1038,16,2023-09-04,2,224.47,448.94
2857,1035,11,2023-01-27,4,312.9,1251.6
2858,1019,12,2023-03-14,1,52.91,52.91
2859,1048,1,2023-04-07,2,252.7,505.4
2860,1095,2,2023-06-10,1,466.11,466.11
2861,1058,16,2023-12-12,3,449.33,1347.99
2862,1048,2,2023-10-27,4,175.32,701.28
2863,1089,19,2023-10-26,1,270.37,270.37
2864,1025,10,2023-10-14,1,351.72,351.72
2865,1035,19,2023-07-31,2,176.6,353.2
2866,1042,10,2023-03-17,3,41.79,125.37
2867,1098,16,2023-05-23,1,257.67,257.67
2868,1042,13,2023-02-03,3,304.8,914.4
2869,1098,16,2023-12-02,5,12.86,64.3
2870,1075,18,2023-01-04,4,56.83,227.32
2871,1032,8,2023-11-24,1,111.57,111.57
2872,1099,18,2023-04-08,2,180.55,361.1
2873,1077,13,2023-08-05,1,275.12,275.12
2874,1096,7,2023-01-28,2,153.98,307.96
2875,1044,18,2023-07-20,1,145.33,145.33
2876,1044,6,2023-09-30,1,435.98,435.98
2877,1087,9,2023-11-10,5,81.07,405.35
2878,1014,6,2023-05-07,1,252.78,252.78
2879,1094,18,2023-07-21,3,476.88,1430.64
2880,1016,17,2023-01-09,3,316.26,948.78
2881,1011,12,2023-10-14,4,361.43,1445.72
2882,1021,3,2023-03-29,7,221.31,1549.17
2883,1022,5,2023-11-14,2,19.77,39.54
2884,1089,7,2023-01-19,4,326.6,1306.4
2885,1077,10,2023-03-22,2,319.64,639.28
2886,1011,10,2023-04-17,2,64.11,128.22
2887,1067,19,2023-11-07,2,236.46,472.92
2888,1050,4,2023-08-18,1,458.51,458.51
2889,1012,10,2023-04-22,1,110.49,110.49
2890,1056,18,2023-08-08,6,235.94,1415.64
2891,1054,3,2023-05-03,2,235.94,471.88
2892,1081,3,2023-09-01,1,407.27,407.27
2893,1027,5,2023-06-27,1,414.04,414.04
2894,1043,16,2023-03-06,6,382.04,2292.24
2895,1018,20,2023-01-03,4,189.07,756.28
2896,1045,13,2023-07-26,2,45.3,90.6
2897,1002,11,2023-01-21,1,181.25,181.25
2898,1082,13,2023-10-20,2,343.1,686.2
2899,1019,19,2023-01-15,1,354.35,354.35
2900,1024,6,2023-12-09,1,482.85,482.85
2901,1074,13,2023-07-25,5,232.28,1161.4
2902,1055,4,2023-07-21,1,319.89,319.89
2903,1080,5,2023-04-30,1,274.2,274.2
2904,1060,19,2023-05-17,4,83.8,335.2
2905,1054,5,2023-10-27,1,235.99,235.99
2906,1034,14,2023-10-22,2,276.97,553.94
2907,1077,4,2023-01-25,3,475.87,1427.61
2908,1058,12,2023-11-08,3,189.6,568.8
2909,1038,6,2023-08-22,2,490.25,980.5
2910,1056,19,2023-05-01,5,275.73,1378.65
2911,1082,10,2023-03-31,3,128.81,386.43
2912,1066,1,2023-11-16,1,103.92,103.92
2913,1033,16,2023-07-19,5,79.43,397.15
2914,1040,4,2023-06-29,2,231.94,463.88
2915,1021,9,2023-12-11,3,20.74,62.22
2916,1026,18,2023-03-17,1,228.07,228.07
2917,1020,17,2023-05-17,2,494.32,988.64
2918,1040,15,2023-05-18,1,338.35,338.35
2919,1030,19,2023-01-10,2,382.3,764.6
2920,1026,7,2023-07-20,1,68.31,68.31
2921,1036,18,2023-11-14,2,241.82,483.64
2922,1065,6,2023-12-12,3,150.25,450.75
2923,1053,19,2023-08-07,2,448.11,896.22
2924,1008,12,2023-03-01,2,98.83,197.66
2925,1082,3,2023-05-27,1,234.78,234.78
2926,1041,1,2023-04-17,2,298.14,596.28
2927,1035,5,2023-02-07,2,261.88,523.76
2928,1009,1,2023-05-14,4,416.82,1667.28
2929,1058,8,2023-08-09,1,123.41,123.41
2930,1039,7,2023-10-30,3,194.92,584.76
2931,1053,15,2023-05-13,1,398.12,398.12
2932,1038,11,2023-11-30,2,268.75,537.5
2933,1006,18,2023-02-22,2,207.04,414.08
2934,1003,14,2023-03-03,1,24.43,24.43
2935,1014,9,2023-01-23,1,379.16,379.16
2936,1075,5,2023-02-13,3,486.37,1459.11
2937,1047,4,2023-11-04,3,313.94,941.82
2938,1005,12,2023-02-15,2,429.71,859.42
2939,1072,1,2023-05-27,1,263.27,263.27
2940,1034,13,2023-08-04,1,123.52,123.52
2941,1071,1,2023-12-06,1,17.08,17.08
2942,1070,3,2023-02-16,1,330.17,330.17
2943,1067,8,2023-12-13,2,251.62,503.24
2944,1057,18,2023-11-04,1,393.23,393.23
2945,1076,16,2023-01-24,3,350.39,1051.17
2946,1018,20,2023-05-25,2,494.1,988.2
2947,1061,20,2023-03-30,4,260.05,1040.2
2948,1070,16,2023-06-23,1,219.32,219.32
2949,1009,2,2023-03-05,4,150.5,602.0
2950,1024,17,2023-04-29,2,243.66,487.32
2951,1043,10,2023-08-11,1,437.71,437.71
2952,1098,7,2023-06-05,5,30.8,154.0
2953,1057,10,2023-06-27,5,489.17,2445.85
2954,1024,19,2023-11-16,2,496.72,993.44
2955,1092,20,2023-12-08,2,302.93,605.86
2956,1075,9,2023-02-25,3,172.46,517.38
2957,1039,17,2023-02-28,3,119.29,357.87
2958,1075,9,2023-08-08,2,145.48,290.96
2959,1069,9,2023-07-04,3,34.55,103.65
2960,1009,5,2023-02-16,2,242.8,485.6
2961,1065,7,2023-04-12,1,38.09,38.09
2962,1024,11,2023-02-13,2,362.05,724.1
2963,1070,8,2023-01-15,4,192.25,769.0
2964,1086,14,2023-08-24,1,107.69,107.69
2965,1010,2,2023-12-27,4,276.98,1107.92
2966,1035,10,2023-02-20,1,487.14,487.14
2967,1048,16,2023-11-05,2,350.61,701.22
2968,1047,16,2023-02-03,1,250.96,250.96
2969,1086,19,2023-05-04,1,390.69,390.69
2970,1006,11,2023-03-18,2,371.36,742.72
2971,1090,6,2023-05-03,1,446.95,446.95
2972,1076,6,2023-07-24,4,110.29,441.16
2973,1050,7,2023-08-16,2,430.85,861.7
2974,1016,16,2023-03-11,1,157.5,157.5
2975,1031,13,2023-08-18,1,471.09,471.09
2976,1025,3,2023-01-21,4,147.72,590.88
2977,1021,9,2023-04-18,6,464.16,2784.96
2978,1012,3,2023-12-30,1,482.26,482.26
2979,1011,6,2023-08-29,3,81.29,243.87
2980,1070,17,2023-09-08,2,487.5,975.0
2981,1000,3,2023-05-15,1,52.0,52.0
2982,1032,2,2023-03-31,4,117.1,468.4
2983,1013,12,2023-03-20,3,227.64,682.92
2984,1063,6,2023-06-26,1,496.86,496.86
2985,1042,10,2023-10-25,1,249.4,249.4
2986,1057,11,2023-11-04,2,279.7,559.4
2987,1040,16,2023-04-12,3,350.27,1050.81
2988,1080,16,2023-12-27,2,484.46,968.92
2989,1067,18,2023-12-01,2,393.84,787.68
2990,1038,9,2023-04-22,1,119.84,119.84
2991,1000,19,2023-06-30,3,158.47,475.41
2992,1040,2,2023-04-14,3,57.84,173.52
2993,1044,1,2023-01-16,1,325.78,325.78
2994,1087,16,2023-04-06,1,98.56,98.56
2995,1097,18,2023-10-20,2,136.13,272.26
2996,1097,3,2023-05-26,3,445.18,1335.54
2997,1087,1,2023-10-29,2,170.11,340.22
2998,1078,6,2023-01-02,2,287.66,575.32
2999,1080,19,2023-04-29,1,204.81,204.81
3000,1012,19,2023-12-09,4,46.28,185.12
3001,1070,11,2023-04-04,1,187.8,187.8
3002,1008,8,2023-07-10,1,209.95,209.95
3003,1062,5,2023-01-03,3,448.89,1346.67
3004,1098,20,2023-04-21,1,168.98,168.98
3005,1022,9,2023-06-26,2,195.83,391.66
3006,1053,15,2023-09-14,3,393.62,1180.86
3007,1046,14,2023-12-27,3,381.89,1145.67
3008,1038,4,2023-01-22,3,401.16,1203.48
3009,1086,8,2023-08-08,1,477.35,477.35
3010,1025,20,2023-06-22,2,399.82,799.64
3011,1000,17,2023-08-12,2,209.73,419.46
3012,1013,2,2023-03-06,1,412.54,412.54
3013,1095,20,2023-10-04,1,259.25,259.25
3014,1073,16,2023-09-06,2,146.08,292.16
3015,1064,10,2023-09-17,2,158.43,316.86
3016,1068,2,2023-05-11,3,119.68,359.04
3017,1066,11,2023-04-23,3,81.05,243.15
3018,1048,10,2023-10-13,1,100.4,100.4
3019,1049,19,2023-10-14,2,40.96,81.92
3020,1057,14,2023-07-30,1,445.34,445.34
3021,1052,11,2023-01-20,1,466.19,466.19
3022,1090,9,2023-08-03,1,297.52,297.52
3023,1056,7,2023-11-06,3,421.84,1265.52
3024,1085,15,2023-09-08,2,99.95,199.9
3025,1017,20,2023-09-28,2,451.82,903.64
3026,1015,17,2023-06-29,1,258.12,258.12
3027,1001,3,2023-07-13,3,42.91,128.73
3028,1012,15,2023-11-09,2,79.24,158.48
3029,1044,14,2023-03-20,3,161.4,484.2
3030,1079,8,2023-06-29,2,31.34,62.68
3031,1071,4,2023-06-12,5,161.55,807.75
3032,1042,10,2023-07-21,3,39.37,118.11
3033,1071,2,2023-01-14,1,125.65,125.65
3034,1053,14,2023-12-13,3,140.18,420.54
3035,1073,8,2023-09-03,2,497.24,994.48
3036,1096,10,2023-01-14,4,125.42,501.68
3037,1030,18,2023-04-09,2,127.2,254.4
3038,1075,15,2023-02-02,4,346.53,1386.12
3039,1008,5,2023-09-14,4,431.09,1724.36
3040,1072,13,2023-02-03,2,199.66,399.32
3041,1047,18,2023-01-19,2,439.05,878.1
3042,1017,2,2023-06-01,3,176.67,530.01
3043,1093,13,2023-09-17,2,106.54,213.08
3044,1095,14,2023-06-13,2,171.52,343.04
3045,1086,10,2023-03-18,3,308.58,925.74
3046,1010,4,2023-11-10,3,189.9,569.7
3047,1061,15,2023-05-17,2,339.72,679.44
3048,1083,8,2023-12-25,2,126.1,252.2
3049,1018,15,2023-07-27,2,353.49,706.98
3050,1099,14,2023-08-30,4,180.24,720.96
3051,1089,9,2023-03-08,4,233.38,933.52
3052,1073,20,2023-04-26,3,283.3,849.9
3053,1023,3,2023-07-21,2,346.25,692.5
3054,1012,15,2023-09-07,4,126.97,507.88
3055,1045,17,2023-10-05,2,419.61,839.22
3056,1052,16,2023-04-22,2,363.7,727.4
3057,1097,4,2023-11-27,6,124.71,748.26
3058,1028,11,2023-08-22,1,487.74,487.74
3059,1035,8,2023-06-25,1,335.75,335.75
3060,1070,3,2023-05-23,1,231.69,231.69
3061,1093,19,2023-02-01,1,87.19,87.19
3062,1016,14,2023-06-30,2,271.28,542.56
3063,1047,9,2023-03-08,1,90.74,90.74
3064,1076,3,2023-01-04,5,220.45,1102.25
3065,1023,4,2023-10-13,4,210.27,841.08
3066,1053,4,2023-09-26,3,362.77,1088.31
3067,1094,11,2023-08-24,2,104.27,208.54
3068,1090,19,2023-10-04,1,412.72,412.72
3069,1084,16,2023-02-10,2,169.8,339.6
3070,1000,17,2023-05-01,3,227.55,682.65
3071,1078,10,2023-10-02,4,388.45,1553.8
3072,1066,17,2023-08-19,1,316.44,316.44
3073,1005,16,2023-10-31,1,160.93,160.93
3074,1077,20,2023-03-27,1,199.24,199.24
3075,1054,6,2023-03-04,1,159.84,159.84
3076,1037,7,2023-07-11,2,301.44,602.88
3077,1032,14,2023-10-20,2,172.99,345.98
3078,1007,11,2023-01-31,1,365.59,365.59
3079,1089,12,2023-11-26,1,294.1,294.1
3080,1078,14,2023-05-26,1,81.4,81.4
3081,1077,5,2023-04-17,1,162.03,162.03
3082,1019,5,2023-12-25,2,118.51,237.02
3083,1054,20,2023-04-20,3,201.25,603.75
3084,1047,15,2023-10-03,2,262.83,525.66
3085,1082,1,2023-07-29,2,258.31,516.62
3086,1055,9,2023-05-19,3,379.72,1139.16
3087,1096,3,2023-03-27,2,102.69,205.38
3088,1099,4,2023-02-13,3,473.77,1421.31
3089,1087,16,2023-03-23,3,177.99,533.97
3090,1009,7,2023-03-05,3,157.12,471.36
3091,1051,14,2023-12-09,2,345.74,691.48
3092,1049,16,2023-11-17,1,404.7,404.7
3093,1033,18,2023-02-24,4,195.45,781.8
3094,1035,16,2023-03-15,1,375.96,375.96
3095,1060,16,2023-05-09,2,443.03,886.06
3096,1099,2,2023-09-13,3,385.73,1157.19
3097,1015,10,2023-08-19,5,26.76,133.8
3098,1078,7,2023-05-17,1,415.41,415.41
3099,1017,15,2023-12-17,2,389.5,779.0
3100,1070,9,2023-12-21,2,337.95,675.9
3101,1046,7,2023-04-22,3,382.41,1147.23
3102,1085,16,2023-11-04,3,489.92,1469.76
3103,1031,3,2023-05-26,1,221.25,221.25
3104,1042,17,2023-02-02,4,42.94,171.76
3105,1082,8,2023-09-17,2,235.84,471.68
3106,1039,2,2023-03-28,3,32.75,98.25
3107,1064,20,2023-11-27,1,154.18,154.18
3108,1034,3,2023-09-22,3,297.57,892.71
3109,1068,8,2023-11-16,1,161.72,161.72
3110,1049,2,2023-01-30,1,345.84,345.84
3111,1011,19,2023-08-20,1,412.77,412.77
3112,1075,17,2023-03-17,4,216.02,864.08
3113,1084,5,2023-05-09,2,451.07,902.14
3114,1057,20,2023-09-28,1,49.12,49.12
3115,1082,17,2023-03-30,1,421.66,421.66
3116,1062,10,2023-06-19,4,416.0,1664.0
3117,1072,9,2023-05-08,1,167.78,167.78
3118,1048,6,2023-06-23,1,156.37,156.37
3119,1035,11,2023-01-26,3,159.5,478.5
3120,1053,2,2023-03-02,1,407.58,407.58
3121,1046,12,2023-03-08,1,417.51,417.51
3122,1031,12,2023-01-26,1,171.56,171.56
3123,1098,16,2023-03-24,2,300.37,600.74
3124,1094,12,2023-12-30,2,78.08,156.16
3125,1052,18,2023-03-01,1,239.7,239.7
3126,1031,13,2023-02-08,2,499.41,998.82
3127,1061,15,2023-05-03,1,87.83,87.83
3128,1036,16,2023-10-19,2,474.31,948.62
3129,1095,4,2023-10-04,2,413.88,827.76
3130,1037,12,2023-10-31,4,486.39,1945.56
3131,1029,17,2023-10-09,1,97.99,97.99
3132,1057,1,2023-07-10,4,114.62,458.48
3133,1031,18,2023-10-19,3,18.26,54.78
3134,1065,16,2023-06-01,3,365.1,1095.3
3135,1050,1,2023-08-21,1,325.61,325.61
3136,1010,10,2023-05-26,3,97.25,291.75
3137,1058,19,2023-09-28,2,397.66,795.32
3138,1019,16,2023-12-01,2,156.61,313.22
3139,1036,14,2023-05-14,1,76.15,76.15
3140,1072,2,2023-06-20,1,217.06,217.06
3141,1048,6,2023-01-28,1,54.58,54.58
3142,1018,5,2023-05-16,3,138.99,416.97
3143,1054,12,2023-08-29,3,191.95,575.85
3144,1039,4,2023-12-10,3,427.41,1282.23
3145,1006,4,2023-08-16,1,398.35,398.35
3146,1004,5,2023-10-14,1,226.95,226.95
3147,1041,7,2023-10-30,1,365.04,365.04
3148,1087,6,2023-02-03,6,288.64,1731.84
3149,1047,13,2023-01-02,3,177.01,531.03
3150,1006,4,2023-12-28,1,365.68,365.68
3151,1010,13,2023-07-14,4,344.91,1379.64
3152,1072,4,2023-04-04,1,313.36,313.36
3153,1048,10,2023-11-24,1,312.8,312.8
3154,1029,20,2023-11-04,2,344.66,689.32
3155,1040,1,2023-05-15,1,198.43,198.43
3156,1002,8,2023-07-23,2,435.85,871.7
3157,1085,7,2023-09-07,1,89.53,89.53
3158,1039,5,2023-05-27,1,443.1,443.1
3159,1050,3,2023-12-12,3,177.72,533.16
3160,1083,15,2023-12-14,3,71.27,213.81
3161,1031,17,2023-09-11,2,304.01,608.02
3162,1047,13,2023-11-30,1,194.23,194.23
3163,1070,15,2023-06-25,1,409.59,409.59
3164,1070,19,2023-05-05,2,221.08,442.16
3165,1019,20,2023-09-08,1,337.6,337.6
3166,1088,14,2023-05-11,2,161.05,322.1
3167,1034,13,2023-02-19,4,112.63,450.52
3168,1023,12,2023-04-03,1,200.14,200.14
3169,1039,9,2023-11-06,4,307.34,1229.36
3170,1076,3,2023-08-08,1,331.9,331.9
3171,1051,11,2023-11-30,1,293.32,293.32
3172,1038,10,2023-11-30,1,494.15,494.15
3173,1067,1,2023-01-20,1,348.63,348.63
3174,1060,17,2023-07-24,1,466.44,466.44
3175,1075,13,2023-04-01,5,67.79,338.95
3176,1080,14,2023-12-21,1,40.07,40.07
3177,1064,1,2023-06-22,1,162.39,162.39
3178,1061,2,2023-07-08,1,76.93,76.93
3179,1080,2,2023-11-08,3,267.68,803.04
3180,1001,7,2023-01-02,2,264.3,528.6
3181,1005,9,2023-12-27,2,291.77,583.54
3182,1074,4,2023-06-17,2,375.16,750.32
3183,1042,2,2023-01-24,3,485.95,1457.85
3184,1081,19,2023-12-31,1,440.35,440.35
3185,1039,5,2023-03-09,1,68.0,68.0
3186,1088,9,2023-07-13,1,175.87,175.87
3187,1038,13,2023-03-25,3,135.35,406.05
3188,1027,12,2023-07-26,4,96.64,386.56
3189,1079,19,2023-02-18,3,276.92,830.76
3190,1062,9,2023-02-01,1,281.1,281.1
3191,1063,10,2023-11-13,3,121.35,364.05
3192,1011,19,2023-06-19,3,358.83,1076.49
3193,1040,10,2023-05-09,1,369.13,369.13
3194,1028,12,2023-04-12,3,20.28,60.84
3195,1022,14,2023-02-04,4,203.92,815.68
3196,1084,8,2023-11-03,1,446.17,446.17
3197,1079,16,2023-07-18,3,264.96,794.88
3198,1050,17,2023-10-28,2,180.34,360.68
3199,1044,20,2023-03-18,1,134.3,134.3
3200,1089,4,2023-11-17,5,129.24,646.2
3201,1021,6,2023-01-14,1,58.89,58.89
3202,1009,12,2023-12-15,1,410.44,410.44
3203,1006,18,2023-05-11,2,52.46,104.92
3204,1072,7,2023-08-26,1,153.22,153.22
3205,1088,5,2023-10-07,4,32.38,129.52
3206,1014,10,2023-03-06,1,392.88,392.88
3207,1076,6,2023-05-18,1,29.25,29.25
3208,1045,14,2023-09-26,2,161.07,322.14
3209,1089,6,2023-08-16,1,290.92,290.92
3210,1084,14,2023-07-20,3,210.69,632.07
3211,1086,12,2023-05-22,5,148.31,741.55
3212,1060,12,2023-04-10,1,144.84,144.84
3213,1091,8,2023-05-18,2,400.92,801.84
3214,1060,10,2023-06-17,3,487.25,1461.75
3215,1050,16,2023-04-09,3,180.54,541.62
3216,1037,20,2023-11-07,3,29.18,87.54
3217,1011,8,2023-11-15,2,27.92,55.84
3218,1087,9,2023-11-23,1,382.01,382.01
3219,1076,13,2023-12-21,2,280.66,561.32
3220,1065,20,2023-03-07,3,393.96,1181.88
3221,1053,17,2023-12-01,2,351.77,703.54
3222,1038,19,2023-11-25,1,454.68,454.68
3223,1075,17,2023-02-16,3,444.05,1332.15
3224,1038,7,2023-12-03,4,396.28,1585.12
3225,1077,1,2023-08-19,1,242.84,242.84
3226,1029,20,2023-11-04,4,160.98,643.92
3227,1047,14,2023-05-26,1,258.44,258.44
3228,1082,17,2023-07-26,3,256.02,768.06
3229,1030,13,2023-05-26,3,309.04,927.12
3230,1024,2,2023-06-01,3,101.19,303.57
3231,1067,14,2023-10-06,3,331.25,993.75
3232,1050,1,2023-05-20,2,233.73,467.46
3233,1012,5,2023-05-31,1,313.9,313.9
3234,1099,7,2023-01-21,3,127.41,382.23
3235,1062,19,2023-09-11,1,222.85,222.85
3236,1041,14,2023-03-05,3,113.0,339.0
3237,1053,14,2023-08-06,3,438.9,1316.7
3238,1066,15,2023-03-13,3,249.1,747.3
3239,1079,5,2023-06-11,2,120.24,240.48
3240,1089,5,2023-05-10,3,30.19,90.57
3241,1055,2,2023-03-10,1,341.11,341.11
3242,1018,18,2023-08-13,2,115.18,230.36
3243,1045,9,2023-09-03,1,494.9,494.9
3244,1014,10,2023-03-09,4,271.51,1086.04
3245,1031,18,2023-04-17,3,151.6,454.8
3246,1048,4,2023-04-19,4,332.26,1329.04
3247,1020,8,2023-11-24,4,144.86,579.44
3248,1064,18,2023-04-13,4,411.93,1647.72
3249,1069,20,2023-05-21,4,161.04,644.16
3250,1026,17,2023-03-06,1,494.24,494.24
3251,1022,16,2023-05-14,1,306.52,306.52
3252,1046,18,2023-07-18,1,423.76,423.76
3253,1094,7,2023-06-04,4,45.68,182.72
3254,1011,1,2023-03-20,3,180.67,542.01
3255,1084,1,2023-09-07,1,371.37,371.37
3256,1065,18,2023-03-28,1,330.98,330.98
3257,1004,4,2023-10-31,2,105.18,210.36
3258,1008,20,2023-08-29,1,184.54,184.54
3259,1019,20,2023-03-29,1,139.09,139.09
3260,1081,4,2023-11-20,6,310.55,1863.3
3261,1062,6,2023-06-21,1,178.84,178.84
3262,1085,3,2023-12-23,2,161.44,322.88
3263,1071,6,2023-01-17,1,111.62,111.62
3264,1097,13,2023-08-11,1,210.42,210.42
3265,1072,7,2023-10-21,1,105.8,105.8
3266,1070,4,2023-11-06,2,481.66,963.32
3267,1029,1,2023-08-07,1,85.71,85.71
3268,1081,6,2023-08-22,1,457.52,457.52
3269,1090,5,2023-09-05,1,219.95,219.95
3270,1015,13,2023-02-21,3,195.15,585.45
3271,1084,19,2023-01-15,1,123.35,123.35
3272,1004,4,2023-11-20,1,321.52,321.52
3273,1028,6,2023-04-22,3,345.91,1037.73
3274,1046,13,2023-07-03,3,239.11,717.33
3275,1021,5,2023-12-26,1,37.3,37.3
3276,1077,13,2023-01-07,1,460.07,460.07
3277,1056,10,2023-02-20,4,490.36,1961.44
3278,1082,3,2023-11-10,2,221.21,442.42
3279,1034,13,2023-08-29,1,310.69,310.69
3280,1087,12,2023-09-02,3,230.65,691.95
3281,1059,4,2023-12-31,1,167.72,167.72
3282,1069,10,2023-07-05,1,47.89,47.89
3283,1059,3,2023-10-14,4,233.47,933.88
3284,1057,17,2023-04-02,4,411.01,1644.04
3285,1002,9,2023-04-16,1,18.35,18.35
3286,1033,1,2023-01-13,2,295.23,590.46
3287,1044,18,2023-05-26,4,441.58,1766.32
3288,1049,9,2023-04-29,2,116.6,233.2
3289,1001,20,2023-07-22,2,99.8,199.6
3290,1014,9,2023-05-21,1,388.42,388.42
3291,1036,2,2023-04-25,2,134.99,269.98
3292,1014,19,2023-06-01,1,104.07,104.07
3293,1059,16,2023-02-26,3,195.21,585.63
3294,1095,3,2023-06-06,4,202.33,809.32
3295,1084,16,2023-11-06,3,438.31,1314.93
3296,1063,13,2023-05-13,1,313.04,313.04
3297,1080,3,2023-06-12,1,208.92,208.92
3298,1097,10,2023-10-02,1,271.85,271.85
3299,1095,18,2023-07-02,4,477.44,1909.76
3300,1051,6,2023-03-18,1,65.48,65.48
3301,1022,6,2023-11-21,2,111.78,223.56
3302,1098,18,2023-02-13,1,481.64,481.64
3303,1036,6,2023-07-25,5,479.09,2395.45
3304,1040,6,2023-02-07,2,96.81,193.62
3305,1056,13,2023-11-14,1,81.1,81.1
3306,1096,14,2023-01-22,3,216.33,648.99
3307,1024,7,2023-03-14,4,34.36,137.44
3308,1036,13,2023-08-29,1,330.9,330.9
3309,1039,15,2023-06-03,1,47.97,47.97
3310,1084,12,2023-08-25,4,38.43,153.72
3311,1045,1,2023-01-05,4,247.74,990.96
3312,1059,3,2023-08-09,1,479.32,479.32
3313,1097,18,2023-11-06,2,219.13,438.26
3314,1018,8,2023-03-27,3,184.68,554.04
3315,1090,2,2023-06-26,2,499.0,998.0
3316,1008,4,2023-09-16,3,270.66,811.98
3317,1068,18,2023-08-08,2,193.87,387.74
3318,1004,13,2023-02-07,8,199.07,1592.56
3319,1088,15,2023-05-22,2,105.53,211.06
3320,1025,2,2023-08-23,1,260.99,260.99
3321,1018,10,2023-07-22,1,225.04,225.04
3322,1029,2,2023-11-25,1,142.69,142.69
3323,1099,12,2023-10-21,1,88.66,88.66
3324,1047,5,2023-06-21,2,162.51,325.02
3325,1015,12,2023-05-05,1,259.25,259.25
3326,1070,1,2023-11-22,3,38.58,115.74
3327,1017,2,2023-03-06,2,85.33,170.66
3328,1055,16,2023-10-08,1,474.35,474.35
3329,1020,2,2023-09-29,1,276.0,276.0
3330,1030,16,2023-09-01,2,41.09,82.18
3331,1000,20,2023-01-15,4,349.61,1398.44
3332,1002,16,2023-08-14,2,40.28,80.56
3333,1094,6,2023-05-11,2,372.05,744.1
3334,1024,13,2023-07-14,1,377.48,377.48
3335,1007,12,2023-10-20,1,329.03,329.03
3336,1064,10,2023-07-28,1,368.78,368.78
3337,1061,5,2023-04-23,1,53.1,53.1
3338,1006,8,2023-09-01,2,366.12,732.24
3339,1006,6,2023-06-15,2,76.98,153.96
3340,1007,5,2023-07-10,4,176.36,705.44
3341,1018,20,2023-09-14,3,471.95,1415.85
3342,1016,6,2023-11-23,4,256.41,1025.64
3343,1010,17,2023-08-06,5,484.04,2420.2
3344,1048,6,2023-12-25,3,53.57,160.71
3345,1010,17,2023-10-02,2,244.0,488.0
3346,1040,5,2023-02-21,1,40.58,40.58
3347,1061,17,2023-06-07,3,318.8,956.4
3348,1051,17,2023-12-29,2,48.57,97.14
3349,1065,13,2023-02-24,1,95.93,95.93
3350,1067,7,2023-01-14,4,136.83,547.32
3351,1091,6,2023-09-26,3,376.88,1130.64
3352,1096,14,2023-12-06,2,90.34,180.68
3353,1074,16,2023-03-31,1,424.85,424.85
3354,1066,3,2023-01-27,1,74.63,74.63
3355,1039,9,2023-03-30,6,27.27,163.62
3356,1004,15,2023-02-10,1,203.57,203.57
3357,1084,18,2023-10-31,3,489.93,1469.79
3358,1021,10,2023-09-25,2,64.07,128.14
3359,1036,10,2023-05-18,4,59.84,239.36
3360,1010,3,2023-01-06,1,378.07,378.07
3361,1043,1,2023-08-30,2,162.96,325.92
3362,1085,3,2023-06-11,3,361.47,1084.41
3363,1052,5,2023-06-29,1,108.01,108.01
3364,1076,7,2023-10-24,1,235.44,235.44
3365,1060,3,2023-01-06,1,139.99,139.99
3366,1066,4,2023-09-28,4,231.25,925.0
3367,1012,17,2023-09-29,2,386.86,773.72
3368,1091,3,2023-06-05,1,383.38,383.38
3369,1010,4,2023-03-26,1,262.73,262.73
3370,1010,2,2023-07-19,2,464.9,929.8
3371,1084,14,2023-01-10,1,139.25,139.25
3372,1084,5,2023-05-18,3,127.75,383.25
3373,1006,2,2023-08-30,4,310.77,1243.08
3374,1016,15,2023-07-20,2,314.44,628.88
3375,1047,11,2023-06-05,2,32.8,65.6
3376,1013,10,2023-10-02,4,307.81,1231.24
3377,1062,20,2023-08-13,1,193.47,193.47
3378,1063,1,2023-03-09,1,376.25,376.25
3379,1096,19,2023-07-03,2,405.97,811.94
3380,1074,14,2023-07-14,1,280.56,280.56
3381,1076,14,2023-02-11,1,10.84,10.84
3382,1064,1,2023-05-31,3,321.82,965.46
3383,1033,9,2023-03-25,5,376.95,1884.75
3384,1008,17,2023-05-14,3,132.0,396.0
3385,1076,14,2023-11-05,1,237.68,237.68
3386,1036,13,2023-12-20,2,483.21,966.42
3387,1029,13,2023-10-25,6,156.08,936.48
3388,1040,6,2023-01-30,1,119.35,119.35
3389,1044,7,2023-01-09,2,113.32,226.64
3390,1046,2,2023-06-19,4,283.81,1135.24
3391,1006,8,2023-10-17,3,475.4,1426.2
3392,1013,6,2023-06-17,2,308.26,616.52
3393,1047,3,2023-12-10,1,158.63,158.63
3394,1005,18,2023-05-25,5,322.9,1614.5
3395,1033,18,2023-08-16,1,316.17,316.17
3396,1079,6,2023-11-02,1,302.49,302.49
3397,1099,11,2023-03-17,2,88.12,176.24
3398,1045,3,2023-08-11,2,320.94,641.88
3399,1058,16,2023-06-26,4,220.78,883.12
3400,1069,5,2023-07-08,3,19.11,57.33
3401,1007,2,2023-10-29,2,274.48,548.96
3402,1023,15,2023-02-15,2,494.74,989.48
3403,1066,16,2023-01-17,1,181.37,181.37
3404,1003,7,2023-03-07,1,483.12,483.12
3405,1095,16,2023-12-26,1,57.14,57.14
3406,1000,4,2023-09-18,6,368.9,2213.4
3407,1033,16,2023-05-03,1,66.02,66.02
3408,1008,17,2023-08-19,3,144.05,432.15
3409,1062,2,2023-05-05,4,289.71,1158.84
3410,1075,16,2023-04-22,3,300.46,901.38
3411,1009,4,2023-09-29,3,389.85,1169.55
3412,1009,7,2023-03-22,1,311.5,311.5
3413,1049,18,2023-09-03,1,300.87,300.87
3414,1043,6,2023-12-13,2,457.05,914.1
3415,1047,18,2023-11-24,2,231.56,463.12
3416,1086,7,2023-08-03,1,120.38,120.38
3417,1005,2,2023-12-18,1,89.28,89.28
3418,1087,19,2023-08-23,1,206.0,206.0
3419,1023,9,2023-03-23,6,359.25,2155.5
3420,1084,4,2023-10-21,2,30.85,61.7
3421,1094,14,2023-11-06,5,73.24,366.2
3422,1057,5,2023-03-17,4,62.0,248.0
3423,1063,7,2023-01-15,1,296.77,296.77
3424,1093,8,2023-08-08,4,129.0,516.0
3425,1055,15,2023-08-18,4,91.47,365.88
3426,1097,19,2023-09-22,2,300.46,600.92
3427,1081,11,2023-09-21,1,383.04,383.04
3428,1011,20,2023-04-20,2,172.76,345.52
3429,1034,4,2023-11-03,2,293.32,586.64
3430,1070,18,2023-07-19,2,58.08,116.16
3431,1088,14,2023-08-14,4,468.24,1872.96
3432,1005,6,2023-07-04,1,175.08,175.08
3433,1064,16,2023-01-31,1,498.78,498.78
3434,1079,18,2023-04-12,1,489.51,489.51
3435,1059,1,2023-09-16,2,391.62,783.24
3436,1067,8,2023-04-09,3,19.83,59.49
3437,1028,1,2023-12-05,1,276.3,276.3
3438,1037,1,2023-10-26,1,52.55,52.55
3439,1091,19,2023-10-12,1,448.62,448.62
3440,1021,10,2023-09-23,1,396.92,396.92
3441,1007,18,2023-05-20,1,486.45,486.45
3442,1062,12,2023-10-29,2,308.11,616.22
3443,1095,17,2023-10-13,1,265.86,265.86
3444,1096,1,2023-12-16,2,264.3,528.6
3445,1012,8,2023-08-04,3,199.36,598.08
3446,1026,10,2023-02-01,3,239.66,718.98
3447,1017,10,2023-10-30,2,321.35,642.7
3448,1017,18,2023-03-29,2,467.14,934.28
3449,1076,9,2023-03-04,1,301.98,301.98
3450,1085,2,2023-10-06,1,429.99,429.99
3451,1061,3,2023-03-15,1,432.76,432.76
3452,1013,2,2023-11-02,2,264.23,528.46
3453,1010,6,2023-05-04,6,180.26,1081.56
3454,1085,12,2023-09-26,1,323.39,323.39
3455,1099,19,2023-10-12,1,228.48,228.48
3456,1016,15,2023-05-01,3,49.91,149.73
3457,1050,19,2023-12-12,4,195.13,780.52
3458,1095,12,2023-07-31,1,497.1,497.1
3459,1013,18,2023-05-28,2,33.77,67.54
3460,1056,16,2023-03-19,2,351.37,702.74
3461,1092,2,2023-12-31,1,422.18,422.18
3462,1005,11,2023-01-14,1,327.88,327.88
3463,1056,12,2023-05-16,1,289.18,289.18
3464,1003,5,2023-10-31,1,356.7,356.7
3465,1010,6,2023-10-07,2,220.38,440.76
3466,1073,11,2023-03-20,3,54.77,164.31
3467,1091,10,2023-08-31,2,481.56,963.12
3468,1010,4,2023-07-12,5,221.83,1109.15
3469,1098,9,2023-08-30,1,336.04,336.04
3470,1078,12,2023-02-20,1,270.34,270.34
3471,1007,10,2023-08-20,1,36.79,36.79
3472,1083,14,2023-09-16,3,476.85,1430.55
3473,1058,5,2023-08-06,2,398.34,796.68
3474,1020,1,2023-07-25,1,83.06,83.06
3475,1064,5,2023-11-10,2,491.01,982.02
3476,1092,16,2023-11-07,2,371.08,742.16
3477,1023,5,2023-04-30,1,241.44,241.44
3478,1029,5,2023-03-21,1,309.57,309.57
3479,1098,18,2023-02-11,1,62.3,62.3
3480,1096,6,2023-01-21,3,284.6,853.8
3481,1083,18,2023-01-10,1,46.09,46.09
3482,1056,10,2023-11-09,5,276.98,1384.9
3483,1079,15,2023-06-02,2,280.82,561.64
3484,1072,11,2023-11-08,3,438.48,1315.44
3485,1094,19,2023-10-21,2,365.28,730.56
3486,1016,13,2023-03-27,1,132.28,132.28
3487,1058,20,2023-04-23,1,445.33,445.33
3488,1030,3,2023-07-08,1,290.89,290.89
3489,1063,16,2023-04-22,3,307.13,921.39
3490,1047,7,2023-06-24,4,92.8,371.2
3491,1022,12,2023-11-06,2,430.31,860.62
3492,1069,15,2023-10-29,3,466.17,1398.51
3493,1029,8,2023-01-04,1,389.75,389.75
3494,1054,17,2023-08-10,1,470.97,470.97
3495,1006,1,2023-08-09,1,158.13,158.13
3496,1074,8,2023-06-20,2,431.95,863.9
3497,1097,14,2023-11-14,2,249.56,499.12
3498,1011,10,2023-08-01,2,90.32,180.64
3499,1059,19,2023-09-10,2,337.71,675.42
3500,1051,8,2023-05-04,1,345.22,345.22
3501,1026,19,2023-05-08,2,150.59,301.18
3502,1011,4,2023-08-01,1,23.47,23.47
3503,1012,10,2023-04-22,1,107.93,107.93
3504,1071,3,2023-03-26,1,205.89,205.89
3505,1079,4,2023-01-04,1,92.11,92.11
3506,1061,16,2023-03-06,1,105.07,105.07
3507,1028,4,2023-11-14,2,201.78,403.56
3508,1034,20,2023-12-12,2,481.28,962.56
3509,1059,20,2023-04-30,2,384.48,768.96
3510,1028,13,2023-08-31,2,166.68,333.36
3511,1030,17,2023-05-17,1,476.29,476.29
3512,1076,16,2023-09-04,3,326.37,979.11
3513,1075,17,2023-02-14,1,233.17,233.17
3514,1060,6,2023-05-26,2,239.47,478.94
3515,1001,3,2023-06-25,1,211.26,211.26
3516,1032,20,2023-02-11,4,124.17,496.68
3517,1071,4,2023-10-24,1,199.45,199.45
3518,1061,8,2023-03-30,5,268.67,1343.35
3519,1058,20,2023-08-06,4,268.73,1074.92
3520,1039,9,2023-08-16,1,383.25,383.25
3521,1048,1,2023-10-25,1,185.81,185.81
3522,1031,13,2023-10-18,2,361.23,722.46
3523,1037,2,2023-03-08,3,293.27,879.81
3524,1091,10,2023-09-08,1,481.3,481.3
3525,1078,19,2023-02-10,1,198.79,198.79
3526,1086,17,2023-04-09,2,451.6,903.2
3527,1087,13,2023-11-02,4,412.11,1648.44
3528,1012,14,2023-12-26,1,322.46,322.46
3529,1084,11,2023-12-08,1,330.71,330.71
3530,1053,10,2023-03-20,1,51.48,51.48
3531,1075,7,2023-10-28,1,475.61,475.61
3532,1012,10,2023-07-18,1,62.4,62.4
3533,1038,1,2023-05-27,1,285.98,285.98
3534,1022,14,2023-04-16,2,171.73,343.46
3535,1091,3,2023-07-12,3,220.63,661.89
3536,1013,13,2023-05-02,1,308.99,308.99
3537,1016,2,2023-03-18,4,455.34,1821.36
3538,1023,17,2023-11-08,3,234.21,702.63
3539,1057,3,2023-04-22,2,493.99,987.98
3540,1062,15,2023-12-15,1,300.48,300.48
3541,1033,8,2023-10-24,3,88.67,266.01
3542,1050,6,2023-06-19,3,103.1,309.3
3543,1085,9,2023-01-06,2,360.89,721.78
3544,1009,11,2023-07-16,1,34.69,34.69
3545,1071,2,2023-04-08,2,245.37,490.74
3546,1020,9,2023-11-25,2,82.63,165.26
3547,1036,18,2023-08-18,4,222.28,889.12
3548,1006,19,2023-06-17,1,377.46,377.46
3549,1089,18,2023-10-24,1,234.82,234.82
3550,1012,5,2023-09-22,7,90.09,630.63
3551,1079,18,2023-01-08,1,133.44,133.44
3552,1029,12,2023-06-21,2,190.09,380.18
3553,1030,4,2023-12-26,1,44.08,44.08
3554,1004,15,2023-07-14,7,296.33,2074.31
3555,1031,11,2023-09-26,1,307.69,307.69
3556,1015,19,2023-01-19,4,40.45,161.8
3557,1072,5,2023-12-20,1,207.13,207.13
3558,1021,6,2023-12-18,1,212.86,212.86
3559,1063,13,2023-02-18,3,173.57,520.71
3560,1043,10,2023-12-22,5,283.29,1416.45
3561,1039,14,2023-12-04,3,179.52,538.56
3562,1036,4,2023-06-07,1,214.04,214.04
3563,1077,20,2023-03-07,1,400.79,400.79
3564,1015,12,2023-12-13,3,89.43,268.29
3565,1042,15,2023-02-28,1,313.37,313.37
3566,1083,10,2023-11-05,3,257.74,773.22
3567,1062,11,2023-11-04,2,159.49,318.98
3568,1014,9,2023-12-03,1,366.49,366.49
3569,1043,11,2023-06-08,1,280.08,280.08
3570,1089,2,2023-09-28,2,243.91,487.82
3571,1008,13,2023-05-01,3,337.16,1011.48
3572,1064,8,2023-09-11,1,403.12,403.12
3573,1098,8,2023-09-18,2,486.61,973.22
3574,1043,1,2023-05-15,1,318.38,318.38
3575,1019,6,2023-10-01,1,438.48,438.48
3576,1069,13,2023-02-25,1,10.53,10.53
3577,1073,9,2023-11-27,3,269.82,809.46
3578,1032,6,2023-04-06,1,115.18,115.18
3579,1079,15,2023-04-24,4,56.15,224.6
3580,1099,16,2023-12-23,3,270.67,812.01
3581,1005,4,2023-01-28,4,375.94,1503.76
3582,1082,17,2023-11-02,2,212.01,424.02
3583,1030,9,2023-01-02,1,338.35,338.35
3584,1065,12,2023-07-31,1,249.96,249.96
3585,1017,19,2023-03-09,2,224.17,448.34
3586,1027,20,2023-05-08,2,152.23,304.46
3587,1067,12,2023-11-29,2,197.47,394.94
3588,1064,6,2023-01-24,4,181.4,725.6
3589,1079,12,2023-09-10,1,326.63,326.63
3590,1044,9,2023-08-18,2,66.85,133.7
3591,1057,20,2023-06-25,1,55.39,55.39
3592,1046,5,2023-08-09,1,333.41,333.41
3593,1065,3,2023-02-05,3,277.69,833.07
3594,1051,2,2023-01-02,1,220.8,220.8
3595,1035,8,2023-12-27,4,84.7,338.8
3596,1000,10,2023-10-01,2,211.4,422.8
3597,1038,15,2023-06-26,1,396.97,396.97
3598,1086,9,2023-09-21,5,445.91,2229.55
3599,1089,10,2023-07-05,3,354.26,1062.78
3600,1074,11,2023-01-15,2,39.36,78.72
3601,1000,9,2023-10-06,1,338.5,338.5
3602,1074,14,2023-07-13,1,128.08,128.08
3603,1087,5,2023-07-17,4,164.47,657.88
3604,1073,9,2023-12-15,1,105.98,105.98
3605,1013,4,2023-11-01,1,390.12,390.12
3606,1077,2,2023-03-05,1,327.82,327.82
3607,1070,19,2023-10-17,4,309.8,1239.2
3608,1022,1,2023-01-18,1,337.31,337.31
3609,1042,1,2023-03-05,6,126.02,756.12
3610,1021,12,2023-12-28,3,227.88,683.64
3611,1059,11,2023-11-26,1,320.29,320.29
3612,1099,1,2023-12-24,1,321.93,321.93
3613,1026,14,2023-09-08,3,398.01,1194.03
3614,1055,11,2023-01-17,2,150.68,301.36
3615,1001,7,2023-05-21,2,387.46,774.92
3616,1038,2,2023-11-04,2,225.69,451.38
3617,1050,15,2023-11-16,1,338.38,338.38
3618,1018,8,2023-09-02,1,233.3,233.3
3619,1061,20,2023-10-17,2,474.82,949.64
3620,1070,15,2023-12-17,1,97.86,97.86
3621,1075,8,2023-03-28,2,340.75,681.5
3622,1066,10,2023-07-18,2,292.5,585.0
3623,1062,19,2023-12-24,2,94.64,189.28
3624,1004,3,2023-06-10,2,42.34,84.68
3625,1071,20,2023-05-20,3,401.58,1204.74
3626,1077,14,2023-03-17,1,87.15,87.15
3627,1060,9,2023-01-19,6,101.39,608.34
3628,1099,9,2023-11-26,2,489.43,978.86
3629,1070,6,2023-02-19,1,361.46,361.46
3630,1006,8,2023-08-20,1,132.74,132.74
3631,1049,11,2023-10-22,2,299.56,599.12
3632,1045,8,2023-01-12,1,271.71,271.71
3633,1095,12,2023-12-01,1,423.79,423.79
3634,1071,10,2023-01-15,1,367.37,367.37
3635,1075,4,2023-01-28,1,417.54,417.54
3636,1073,16,2023-10-19,2,113.64,227.28
3637,1013,20,2023-11-17,1,323.71,323.71
3638,1072,6,2023-09-07,1,29.72,29.72
3639,1093,9,2023-04-08,3,43.78,131.34
3640,1068,5,2023-10-30,1,359.63,359.63
3641,1064,6,2023-12-03,2,21.97,43.94
3642,1064,17,2023-02-08,1,294.08,294.08
3643,1056,17,2023-02-07,1,421.8,421.8
3644,1061,13,2023-10-27,3,196.17,588.51
3645,1019,17,2023-06-28,1,31.97,31.97
3646,1074,14,2023-04-07,7,359.79,2518.53
3647,1025,2,2023-10-09,3,465.55,1396.65
3648,1043,19,2023-08-26,1,361.41,361.41
3649,1066,3,2023-06-13,3,293.44,880.32
3650,1069,2,2023-04-07,3,122.71,368.13
3651,1061,2,2023-09-14,3,17.53,52.59
3652,1044,7,2023-11-05,1,350.39,350.39
3653,1010,4,2023-09-19,1,123.2,123.2
3654,1071,17,2023-10-20,1,430.5,430.5
3655,1092,6,2023-09-15,2,238.52,477.04
3656,1073,7,2023-09-06,1,270.01,270.01
3657,1033,20,2023-09-02,7,379.43,2656.01
3658,1087,6,2023-09-08,1,391.92,391.92
3659,1045,9,2023-05-03,1,324.9,324.9
3660,1080,20,2023-11-21,2,469.83,939.66
3661,1031,4,2023-06-18,3,491.33,1473.99
3662,1074,5,2023-06-24,3,473.97,1421.91
3663,1097,19,2023-09-26,2,413.85,827.7
3664,1087,10,2023-07-23,2,355.76,711.52
3665,1004,18,2023-11-21,1,335.03,335.03
3666,1062,15,2023-03-07,1,60.84,60.84
3667,1028,1,2023-11-11,2,143.03,286.06
3668,1047,5,2023-11-20,1,12.79,12.79
3669,1097,5,2023-02-28,1,77.33,77.33
3670,1015,8,2023-08-07,3,225.22,675.66
3671,1024,20,2023-09-23,2,81.8,163.6
3672,1071,15,2023-05-21,2,451.82,903.64
3673,1028,17,2023-08-24,1,404.79,404.79
3674,1051,19,2023-08-06,2,45.09,90.18
3675,1045,13,2023-01-15,3,131.97,395.91
3676,1024,10,2023-10-29,1,411.35,411.35
3677,1022,17,2023-05-18,3,403.49,1210.47
3678,1033,5,2023-08-20,3,473.27,1419.81
3679,1066,18,2023-03-30,2,498.8,997.6
3680,1093,17,2023-03-18,3,488.37,1465.11
3681,1033,4,2023-05-16,6,210.97,1265.82
3682,1031,7,2023-04-20,3,132.66,397.98
3683,1028,5,2023-12-19,1,381.62,381.62
3684,1008,8,2023-10-28,2,156.64,313.28
3685,1065,8,2023-04-01,2,405.14,810.28
3686,1056,11,2023-07-09,2,271.64,543.28
3687,1038,9,2023-03-14,3,399.02,1197.06
3688,1006,19,2023-06-22,2,145.18,290.36
3689,1068,19,2023-02-04,5,258.93,1294.65
3690,1007,9,2023-07-29,2,286.37,572.74
3691,1095,20,2023-10-25,1,472.12,472.12
3692,1017,17,2023-05-13,1,140.63,140.63
3693,1081,16,2023-10-10,1,468.98,468.98
3694,1048,7,2023-07-17,3,404.38,1213.14
3695,1015,3,2023-02-01,1,368.14,368.14
3696,1020,19,2023-05-16,1,395.57,395.57
3697,1009,8,2023-09-05,2,306.66,613.32
3698,1003,5,2023-12-25,1,129.6,129.6
3699,1043,6,2023-12-07,2,102.85,205.7
3700,1007,2,2023-05-26,3,434.51,1303.53
3701,1054,19,2023-11-30,5,365.32,1826.6
3702,1018,13,2023-05-23,3,114.47,343.41
3703,1063,6,2023-08-22,1,311.4,311.4
3704,1039,6,2023-02-13,3,229.3,687.9
3705,1050,2,2023-02-01,1,87.74,87.74
3706,1008,5,2023-08-19,5,270.61,1353.05
3707,1029,11,2023-01-28,3,147.94,443.82
3708,1055,11,2023-06-09,1,57.16,57.16
3709,1080,14,2023-11-29,3,238.81,716.43
3710,1043,13,2023-07-26,1,299.15,299.15
3711,1058,8,2023-01-18,4,32.98,131.92
3712,1014,15,2023-04-13,2,207.03,414.06
3713,1067,12,2023-03-11,1,136.25,136.25
3714,1069,3,2023-04-29,1,25.02,25.02
3715,1060,5,2023-05-19,1,71.57,71.57
3716,1079,6,2023-06-09,1,78.13,78.13
3717,1089,2,2023-08-20,1,99.61,99.61
3718,1022,8,2023-05-28,1,403.66,403.66
3719,1076,5,2023-12-19,2,225.35,450.7
3720,1046,17,2023-08-31,3,82.07,246.21
3721,1016,2,2023-02-04,2,59.15,118.3
3722,1056,11,2023-11-21,1,155.99,155.99
3723,1053,4,2023-12-21,3,401.03,1203.09
3724,1090,11,2023-08-27,1,188.59,188.59
3725,1051,9,2023-11-30,5,88.35,441.75
3726,1021,6,2023-05-29,2,208.02,416.04
3727,1082,2,2023-04-21,2,282.1,564.2
3728,1038,15,2023-01-17,4,24.5,98.0
3729,1098,5,2023-08-14,1,317.54,317.54
3730,1012,12,2023-05-20,1,203.6,203.6
3731,1077,13,2023-05-24,3,14.77,44.31
3732,1094,17,2023-09-17,1,340.21,340.21
3733,1065,4,2023-08-05,1,359.07,359.07
3734,1051,10,2023-06-11,4,318.13,1272.52
3735,1013,1,2023-04-02,2,177.55,355.1
3736,1072,11,2023-06-23,1,269.51,269.51
3737,1073,16,2023-11-27,3,199.71,599.13
3738,1062,11,2023-07-24,1,353.3,353.3
3739,1070,9,2023-06-02,3,295.95,887.85
3740,1027,2,2023-04-13,4,50.08,200.32
3741,1088,7,2023-07-21,4,325.12,1300.48
3742,1045,19,2023-10-07,1,346.75,346.75
3743,1027,18,2023-03-06,4,191.64,766.56
3744,1001,20,2023-04-27,1,439.14,439.14
3745,1016,7,2023-06-02,1,423.08,423.08
3746,1058,9,2023-06-05,1,95.83,95.83
3747,1051,12,2023-06-13,1,453.09,453.09
3748,1003,3,2023-03-23,4,226.03,904.12
3749,1076,16,2023-01-06,1,364.64,364.64
3750,1081,7,2023-11-18,2,408.91,817.82
3751,1002,5,2023-03-08,1,257.51,257.51
3752,1036,7,2023-08-26,5,205.56,1027.8
3753,1096,19,2023-03-13,1,458.57,458.57
3754,1023,17,2023-04-05,1,123.12,123.12
3755,1071,16,2023-10-31,2,135.92,271.84
3756,1034,19,2023-11-22,2,187.19,374.38
3757,1001,18,2023-03-19,2,431.14,862.28
3758,1032,19,2023-03-08,2,470.01,940.02
3759,1075,4,2023-06-25,1,117.83,117.83
3760,1085,1,2023-11-17,2,433.3,866.6
3761,1076,4,2023-06-21,4,136.52,546.08
3762,1009,4,2023-09-12,4,485.61,1942.44
3763,1080,9,2023-03-04,4,302.73,1210.92
3764,1061,8,2023-10-29,4,13.47,53.88
3765,1042,2,2023-09-03,1,26.72,26.72
3766,1068,6,2023-07-11,6,82.27,493.62
3767,1058,11,2023-11-25,4,101.91,407.64
3768,1008,4,2023-03-12,2,386.13,772.26
3769,1076,14,2023-08-17,1,119.16,119.16
3770,1059,9,2023-03-04,1,484.88,484.88
3771,1062,2,2023-10-24,2,321.69,643.38
3772,1051,1,2023-09-02,4,349.33,1397.32
3773,1022,4,2023-01-07,2,116.73,233.46
3774,1029,12,2023-09-17,1,447.43,447.43
3775,1042,5,2023-03-30,4,337.23,1348.92
3776,1067,9,2023-06-26,1,433.56,433.56
3777,1020,4,2023-07-23,3,478.68,1436.04
3778,1042,16,2023-05-14,6,71.56,429.36
3779,1072,2,2023-03-23,1,57.33,57.33
3780,1006,16,2023-01-21,3,403.67,1211.01
3781,1015,16,2023-05-08,3,434.4,1303.2
3782,1022,11,2023-07-14,2,296.04,592.08
3783,1057,1,2023-07-13,1,189.34,189.34
3784,1086,15,2023-07-03,4,329.79,1319.16
3785,1030,4,2023-09-04,6,159.78,958.68
3786,1068,18,2023-12-27,3,126.81,380.43
3787,1005,17,2023-12-26,3,249.19,747.57
3788,1064,7,2023-11-20,1,115.92,115.92
3789,1058,18,2023-06-09,1,247.01,247.01
3790,1027,13,2023-07-13,2,478.74,957.48
3791,1017,20,2023-04-20,2,421.49,842.98
3792,1087,20,2023-03-07,2,471.4,942.8
3793,1076,10,2023-09-11,2,405.1,810.2
3794,1096,1,2023-10-10,2,183.83,367.66
3795,1009,2,2023-03-01,4,407.9,1631.6
3796,1006,17,2023-04-28,2,462.23,924.46
3797,1036,3,2023-02-13,1,474.05,474.05
3798,1095,17,2023-07-29,2,344.77,689.54
3799,1044,12,2023-02-05,2,113.57,227.14
3800,1085,12,2023-01-19,3,29.47,88.41
3801,1015,20,2023-04-01,2,82.13,164.26
3802,1087,10,2023-10-28,3,483.12,1449.36
3803,1013,7,2023-07-31,2,236.43,472.86
3804,1010,10,2023-08-10,4,428.94,1715.76
3805,1082,18,2023-08-05,1,237.87,237.87
3806,1086,6,2023-08-11,1,333.8,333.8
3807,1033,7,2023-04-08,1,21.83,21.83
3808,1059,17,2023-01-19,1,132.43,132.43
3809,1012,12,2023-10-24,2,223.77,447.54
3810,1038,17,2023-01-26,3,319.01,957.03
3811,1043,18,2023-01-28,7,94.05,658.35
3812,1027,14,2023-03-05,3,384.63,1153.89
3813,1039,11,2023-11-20,2,188.56,377.12
3814,1015,2,2023-08-11,2,410.54,821.08
3815,1049,1,2023-03-21,2,58.0,116.0
3816,1027,11,2023-02-20,1,343.08,343.08
3817,1067,2,2023-04-12,1,153.73,153.73
3818,1091,16,2023-06-25,3,399.74,1199.22
3819,1059,3,2023-01-10,3,207.06,621.18
3820,1011,20,2023-08-25,3,336.02,1008.06
3821,1015,1,2023-04-10,2,467.81,935.62
3822,1052,20,2023-08-16,4,20.11,80.44
3823,1053,8,2023-03-05,2,15.45,30.9
3824,1048,19,2023-01-19,2,387.44,774.88
3825,1035,1,2023-11-28,2,326.73,653.46
3826,1061,5,2023-11-14,1,153.56,153.56
3827,1083,1,2023-05-21,2,252.25,504.5
3828,1025,11,2023-01-25,1,30.55,30.55
3829,1055,9,2023-08-16,3,104.3,312.9
3830,1089,5,2023-03-30,3,218.0,654.0
3831,1021,2,2023-04-02,3,418.68,1256.04
3832,1072,13,2023-02-11,3,245.04,735.12
3833,1068,18,2023-10-22,1,297.32,297.32
3834,1080,12,2023-03-22,1,438.14,438.14
3835,1048,14,2023-04-17,2,161.32,322.64
3836,1097,5,2023-04-21,2,353.34,706.68
3837,1001,10,2023-10-04,1,432.22,432.22
3838,1052,20,2023-08-02,1,109.28,109.28
3839,1006,2,2023-08-19,1,184.67,184.67
3840,1099,4,2023-11-02,2,490.11,980.22
3841,1076,12,2023-05-01,1,491.78,491.78
3842,1019,11,2023-05-14,3,119.38,358.14
3843,1093,4,2023-11-02,1,42.56,42.56
3844,1029,11,2023-07-27,2,142.75,285.5
3845,1074,9,2023-09-14,3,204.89,614.67
3846,1094,10,2023-07-04,1,226.09,226.09
3847,1066,6,2023-10-13,4,313.22,1252.88
3848,1058,15,2023-12-29,1,450.76,450.76
3849,1065,10,2023-06-29,2,171.87,343.74
3850,1002,6,2023-02-17,1,426.49,426.49
3851,1055,1,2023-03-28,4,55.8,223.2
3852,1078,20,2023-01-19,4,30.52,122.08
3853,1016,4,2023-02-15,1,256.98,256.98
3854,1051,14,2023-02-25,3,39.23,117.69
3855,1006,20,2023-08-17,1,202.32,202.32
3856,1004,20,2023-05-25,2,449.42,898.84
3857,1097,8,2023-04-02,1,128.33,128.33
3858,1096,11,2023-03-23,2,355.93,711.86
3859,1053,15,2023-08-13,3,158.16,474.48
3860,1060,19,2023-03-20,1,32.01,32.01
3861,1015,8,2023-05-30,4,282.78,1131.12
3862,1066,13,2023-12-27,1,419.08,419.08
3863,1058,18,2023-10-10,6,210.64,1263.84
3864,1046,17,2023-11-07,4,312.47,1249.88
3865,1047,6,2023-06-09,7,451.01,3157.07
3866,1063,15,2023-11-12,1,396.95,396.95
3867,1049,13,2023-12-31,2,105.0,210.0
3868,1084,18,2023-06-05,1,369.36,369.36
3869,1040,11,2023-06-05,1,255.93,255.93
3870,1071,13,2023-07-21,2,375.52,751.04
3871,1021,1,2023-12-07,2,252.31,504.62
3872,1053,18,2023-12-08,2,72.7,145.4
3873,1004,5,2023-04-27,1,289.26,289.26
3874,1016,6,2023-06-03,4,251.15,1004.6
3875,1077,1,2023-12-30,2,263.78,527.56
3876,1040,7,2023-11-27,3,440.66,1321.98
3877,1091,4,2023-04-29,2,448.47,896.94
3878,1094,9,2023-07-18,3,232.23,696.69
3879,1080,15,2023-09-20,1,233.31,233.31
3880,1034,6,2023-07-03,2,262.44,524.88
3881,1039,17,2023-05-28,5,264.6,1323.0
3882,1021,20,2023-06-15,3,475.69,1427.07
3883,1047,18,2023-03-16,2,328.21,656.42
3884,1052,4,2023-08-24,1,145.95,145.95
3885,1092,9,2023-11-10,1,270.45,270.45
3886,1009,14,2023-09-29,2,317.34,634.68
3887,1017,3,2023-06-28,4,323.49,1293.96
3888,1098,1,2023-10-10,1,296.77,296.77
3889,1079,11,2023-02-20,5,97.09,485.45
3890,1048,1,2023-03-16,3,26.46,79.38
3891,1070,12,2023-05-24,2,175.54,351.08
3892,1029,9,2023-12-09,5,219.49,1097.45
3893,1018,5,2023-07-07,3,40.28,120.84
3894,1054,15,2023-05-03,1,409.33,409.33
3895,1059,18,2023-11-28,2,178.6,357.2
3896,1086,9,2023-09-08,3,457.68,1373.04
3897,1071,13,2023-10-23,1,85.66,85.66
3898,1080,13,2023-11-19,2,37.9,75.8
3899,1020,13,2023-05-10,3,246.33,738.99
3900,1025,10,2023-09-09,2,102.67,205.34
3901,1027,10,2023-12-24,1,469.33,469.33
3902,1038,7,2023-06-29,1,15.05,15.05
3903,1032,5,2023-12-15,1,212.18,212.18
3904,1039,20,2023-04-20,2,464.11,928.22
3905,1082,7,2023-12-04,2,198.36,396.72
3906,1028,20,2023-03-19,3,55.62,166.86
3907,1019,10,2023-01-02,4,158.42,633.68
3908,1019,10,2023-11-17,2,254.03,508.06
3909,1073,13,2023-10-03,1,100.72,100.72
3910,1011,15,2023-10-17,1,238.62,238.62
3911,1096,6,2023-10-24,3,419.81,1259.43
3912,1024,20,2023-06-18,2,437.58,875.16
3913,1024,12,2023-08-28,1,34.14,34.14
3914,1003,19,2023-01-23,5,88.84,444.2
3915,1003,11,2023-10-21,1,144.89,144.89
3916,1008,6,2023-06-21,3,301.48,904.44
3917,1014,1,2023-11-19,4,186.89,747.56
3918,1025,2,2023-11-14,4,423.58,1694.32
3919,1078,15,2023-10-13,6,361.17,2167.02
3920,1089,4,2023-12-09,1,59.22,59.22
3921,1091,5,2023-07-12,4,316.03,1264.12
3922,1070,15,2023-06-18,4,65.38,261.52
3923,1031,11,2023-04-28,1,134.97,134.97
3924,1075,10,2023-01-06,1,97.16,97.16
3925,1098,17,2023-11-27,3,94.8,284.4
3926,1051,2,2023-05-12,7,312.03,2184.21
3927,1031,20,2023-04-03,7,286.17,2003.19
3928,1008,10,2023-09-08,1,96.25,96.25
3929,1077,20,2023-01-10,2,495.18,990.36
3930,1012,3,2023-02-20,3,216.7,650.1
3931,1055,19,2023-12-15,2,57.56,115.12
3932,1043,5,2023-10-21,4,69.08,276.32
3933,1096,3,2023-05-09,3,296.11,888.33
3934,1095,8,2023-09-06,1,489.74,489.74
3935,1082,5,2023-04-12,1,290.26,290.26
3936,1029,12,2023-12-03,1,475.03,475.03
3937,1015,14,2023-03-24,4,227.63,910.52
3938,1011,7,2023-07-10,5,223.56,1117.8
3939,1073,11,2023-05-23,2,255.0,510.0
3940,1065,8,2023-08-25,2,351.74,703.48
3941,1017,5,2023-10-14,6,190.13,1140.78
3942,1012,8,2023-10-04,2,433.3,866.6
3943,1092,12,2023-10-18,3,24.35,73.05
3944,1023,15,2023-06-18,2,225.48,450.96
3945,1011,19,2023-05-24,5,260.39,1301.95
3946,1059,16,2023-07-03,1,307.45,307.45
3947,1059,14,2023-02-14,1,145.28,145.28
3948,1092,7,2023-08-31,1,219.47,219.47
3949,1085,8,2023-11-11,1,247.42,247.42
3950,1099,7,2023-09-25,3,346.59,1039.77
3951,1000,18,2023-09-10,1,389.04,389.04
3952,1042,6,2023-10-16,3,371.54,1114.62
3953,1054,19,2023-07-31,1,177.38,177.38
3954,1039,4,2023-06-26,3,499.73,1499.19
3955,1063,3,2023-01-21,1,425.85,425.85
3956,1033,17,2023-11-12,4,137.41,549.64
3957,1033,19,2023-02-21,1,105.6,105.6
3958,1047,15,2023-08-21,6,163.87,983.22
3959,1032,6,2023-05-03,6,231.65,1389.9
3960,1067,12,2023-12-28,3,426.89,1280.67
3961,1029,19,2023-04-10,1,391.4,391.4
3962,1083,6,2023-08-02,1,427.11,427.11
3963,1089,11,2023-11-23,2,143.26,286.52
3964,1078,20,2023-05-15,2,300.8,601.6
3965,1070,20,2023-11-14,1,148.79,148.79
3966,1070,10,2023-08-06,2,63.42,126.84
3967,1028,16,2023-03-29,1,345.26,345.26
3968,1022,18,2023-10-07,5,80.07,400.35
3969,1033,14,2023-02-09,1,337.17,337.17
3970,1083,4,2023-08-28,1,327.5,327.5
3971,1014,12,2023-11-28,2,407.02,814.04
3972,1096,20,2023-05-16,1,78.38,78.38
3973,1052,8,2023-07-01,1,393.91,393.91
3974,1016,7,2023-09-22,3,499.65,1498.95
3975,1063,9,2023-09-16,1,427.01,427.01
3976,1083,17,2023-07-01,4,378.39,1513.56
3977,1060,10,2023-01-21,1,334.46,334.46
3978,1056,3,2023-12-17,1,216.67,216.67
3979,1076,8,2023-07-15,4,367.95,1471.8
3980,1087,14,2023-07-31,3,364.85,1094.55
3981,1036,7,2023-01-16,1,319.43,319.43
3982,1006,16,2023-07-21,3,400.18,1200.54
3983,1007,18,2023-12-29,2,229.89,459.78
3984,1086,11,2023-08-06,3,69.41,208.23
3985,1077,6,2023-04-03,1,283.94,283.94
3986,1067,20,2023-05-13,1,139.87,139.87
3987,1020,14,2023-05-19,2,198.37,396.74
3988,1060,13,2023-06-06,1,18.53,18.53
3989,1073,4,2023-12-01,6,197.57,1185.42
3990,1085,20,2023-03-11,3,406.31,1218.93
3991,1093,20,2023-10-31,5,275.93,1379.65
3992,1093,11,2023-01-15,1,14.8,14.8
3993,1079,18,2023-08-23,1,240.22,240.22
3994,1074,1,2023-07-31,3,152.81,458.43
3995,1085,12,2023-10-17,1,244.0,244.0
3996,1028,18,2023-03-01,1,208.3,208.3
3997,1024,7,2023-09-09,1,466.67,466.67
3998,1057,12,2023-01-02,2,30.18,60.36
3999,1013,1,2023-08-24,2,344.96,689.92
4000,1077,4,2023-12-02,2,427.0,854.0
